id,target,prosedur_non_bedah,cbg_tarif,sistole,temperature,job_id,idrg_code,respiration_rate,heart_rate,diastole,tarif_rs_visit,obat,weight,tarif_rs_claim,idrg_mdc_number,laboratorium,spo2,resiko_jatuh_model,triage_esi,pengirim_jenis_id,skala_nyeri,ada_alergi_obat,radiologi,covid19_data,clinic_id,pelayanan_darah,bpjs_jenis_peserta_code,triage_humpty_dumpty_step,admission_type_id,bpjs_asal_rujukan,bpjs_kelas_tanggungan_code,resiko_jatuh_gugo_b,family_relationship_id,penunjang,triage_morse_result,ada_alergi_makanan,fpo_text,rehabilitasi,triage_sydney_scoring_step,bpjs_tujuan_kunjungan,resiko_jatuh_gugo_a,konsultasi,bpjs_provider_code,triage_morse_step,jenis_kunjungan,continue_id,prosedur_bedah,cbg_code,bpjs_skdp_dpjp_code,bpjs_pisa,education_id,psikososial_versi_1,bpjs_sex,antrian_cara_masuk,date,exit_date,bpjs_tanggal_lahir,bpjs_no_rujukan,bpjs_skdp_no,bpjs_no_surat_kontrol,bpjs_diagnosa_awal_code,bpjs_tgl_sep,idrg_set_procedure_response,ina_set_procedure_response,idrg_set_diagnose_response,ina_set_diagnose_response
709160,0,0,186800,144.0,37.0,13,1860220.0,20.0,105.0,98.0,146828,96828,,146828,18.0,0,99.0,Jenis Resiko Jatuh,ESI 5,13.0,,0.0,0,"{""covid19_date"": """", ""covid19_profesi"": """", ""covid19_jenis_pasien"": """", ""covid19_status_rawat"": """", ""covid19_status_keluar"": """", ""covid19_status_isolasi"": """", ""covid19_kewarganegaraan"": """", ""covid19_sebab_penularan"": """"}",66,0,,"[null,null,null,null,null,null,null]",5,1.0,,0.0,5.0,0,,0.0,-,0,"[null,null,null,null,null,null,null,null,null,null,null]",2.0,0.0,50000,,"[""0"",""0"",""0"",""0"",""0"",""0""]",L,12.0,0,Q-5-44-0,209627.0,,2,"{""perilaku"": ""Rapi""}",,,2026-04-29 15:50:36,2026-04-29 16:33:39,,0158U1150226P001224,0158R0040426K001535,0158R0040426K003101,M54.3,2026-04-29 00:00:00,"{""metadata"":{""code"":200,""message"":""Ok"",""method"":""idrg_procedure_set""},""data"":{""string"":""89.08"",""expanded"":[{""code"":""89.08"",""display"":""Other consultation"",""multiplicity"":1,""no"":""1"",""validcode"":""1"",""metadata"":{""code"":""200"",""message"":""Ok""}}]}}","{""metadata"":{""code"":200,""message"":""Ok"",""method"":""inacbg_procedure_set""},""data"":{""string"":""89.08"",""expanded"":[{""code"":""89.08"",""display"":""Other consultation"",""no"":""1"",""validcode"":""1"",""metadata"":{""code"":""200"",""message"":""Ok""}}]}}","{""metadata"":{""code"":200,""message"":""Ok"",""method"":""idrg_diagnosa_set""},""data"":{""string"":""Z09.8#M54.3#M17.9#M54.2"",""expanded"":[{""code"":""Z09.8"",""display"":""Follow-up exam after other treatment for other conditions"",""no"":""1"",""validcode"":""1"",""metadata"":{""code"":""200"",""message"":""Ok""}},{""code"":""M54.3"",""display"":""Sciatica"",""no"":""2"",""validcode"":""1"",""metadata"":{""code"":""200"",""message"":""Ok""}},{""code"":""M17.9"",""display"":""Gonarthrosis, unspecified"",""no"":""3"",""validcode"":""1"",""metadata"":{""code"":""200"",""message"":""Ok""}},{""code"":""M54.2"",""display"":""Cervicalgia"",""no"":""4"",""validcode"":""1"",""metadata"":{""code"":""200"",""message"":""Ok""}}]}}","{""metadata"":{""code"":200,""message"":""Ok"",""method"":""inacbg_diagnosa_set""},""data"":{""string"":""Z09.8#M54.3#M17.9#M54.2"",""expanded"":[{""code"":""Z09.8"",""display"":""Follow-up exam after other treatment for other conditions"",""no"":""1"",""validcode"":""1"",""metadata"":{""code"":""200"",""message"":""Ok""}},{""code"":""M54.3"",""display"":""Sciatica"",""no"":""2"",""validcode"":""1"",""metadata"":{""code"":""200"",""message"":""Ok""}},{""code"":""M17.9"",""display"":""Gonarthrosis, unspecified"",""no"":""3"",""validcode"":""1"",""metadata"":{""code"":""200"",""message"":""Ok""}},{""code"":""M54.2"",""display"":""Cervicalgia"",""no"":""4"",""validcode"":""1"",""metadata"":{""code"":""200"",""message"":""Ok""}}]}}"
706422,0,0,833300,110.0,36.0,14,2112120.0,20.0,80.0,70.0,950054,832054,61.0,950054,21.0,118000,99.0,Jenis Resiko Jatuh,,13.0,1.0,0.0,0,"{""covid19_date"": """", ""covid19_profesi"": """", ""covid19_jenis_pasien"": """", ""covid19_status_rawat"": """", ""covid19_status_keluar"": """", ""covid19_status_isolasi"": """", ""covid19_kewarganegaraan"": """", ""covid19_sebab_penularan"": """"}",90,0,,"[null,null,null,null,null,null,null]",5,1.0,,0.0,7.0,0,,0.0,,0,"[null,null,null,null,null,null,null,null,null,null,null]",2.0,0.0,0,,"[""0"",""0"",""0"",""0"",""0"",""0""]",L,1.0,0,N-3-15-0,428612.0,,3,,,,2026-04-21 07:46:01,2026-04-21 11:51:26,,0158U1151124P001396,0158R0040426K001870,,N18,2026-04-21 00:00:00,"{""metadata"":{""code"":200,""message"":""Ok"",""method"":""idrg_procedure_set""},""data"":{""string"":""39.95#90.59#89.08"",""expanded"":[{""code"":""39.95"",""display"":""Hemodialysis"",""multiplicity"":1,""no"":""1"",""validcode"":""1"",""metadata"":{""code"":""200"",""message"":""Ok""}},{""code"":""90.59"",""display"":""Microscopic examination of blood, Other microscopic examination"",""multiplicity"":1,""no"":""2"",""validcode"":""1"",""metadata"":{""code"":""200"",""message"":""Ok""}},{""code"":""89.08"",""display"":""Other consultation"",""multiplicity"":1,""no"":""3"",""validcode"":""1"",""metadata"":{""code"":""200"",""message"":""Ok""}}]}}","{""metadata"":{""code"":200,""message"":""Ok"",""method"":""inacbg_procedure_set""},""data"":{""string"":""39.95#90.59#89.08"",""expanded"":[{""code"":""39.95"",""display"":""Hemodialysis"",""no"":""1"",""validcode"":""1"",""metadata"":{""code"":""200"",""message"":""Ok""}},{""code"":""90.59"",""display"":""Microscopic examination of blood, Other microscopic examination"",""no"":""2"",""validcode"":""1"",""metadata"":{""code"":""200"",""message"":""Ok""}},{""code"":""89.08"",""display"":""Other consultation"",""no"":""3"",""validcode"":""1"",""metadata"":{""code"":""200"",""message"":""Ok""}}]}}","{""metadata"":{""code"":200,""message"":""Ok"",""method"":""idrg_diagnosa_set""},""data"":{""string"":""Z49.1#N18.5"",""expanded"":[{""code"":""Z49.1"",""display"":""Extracorporeal dialysis"",""no"":""1"",""validcode"":""1"",""metadata"":{""code"":""200"",""message"":""Ok""}},{""code"":""N18.5"",""display"":""Chronic kidney disease, stage 5"",""no"":""2"",""validcode"":""1"",""metadata"":{""code"":""200"",""message"":""Ok""}}]}}","{""metadata"":{""code"":200,""message"":""Ok"",""method"":""inacbg_diagnosa_set""},""data"":{""string"":""Z49.1#N18.5"",""expanded"":[{""code"":""Z49.1"",""display"":""Extracorporeal dialysis"",""no"":""1"",""validcode"":""1"",""metadata"":{""code"":""200"",""message"":""Ok""}},{""code"":""N18.5"",""display"":""Chronic kidney disease, stage 5"",""no"":""2"",""validcode"":""1"",""metadata"":{""code"":""200"",""message"":""Ok""}}]}}"
704945,0,0,143700,108.0,37.0,1,3061220.0,20.0,106.0,79.0,51896,1896,,51896,30.0,0,99.0,Jenis Resiko Jatuh,ESI 5,2.0,,0.0,0,"{""covid19_date"": """", ""covid19_profesi"": """", ""covid19_jenis_pasien"": """", ""covid19_status_rawat"": """", ""covid19_status_keluar"": """", ""covid19_status_isolasi"": """", ""covid19_kewarganegaraan"": """", ""covid19_sebab_penularan"": """"}",66,0,,"[null,null,null,null,null,null,null]",2,1.0,,0.0,,0,,0.0,-,0,"[null,null,null,null,null,null,null,null,null,null,null]",0.0,0.0,50000,,"[""0"",""0"",""0"",""0"",""0"",""0""]",L,3.0,0,Q-5-18-0,209627.0,,99,"{""sirs"": ""0"", ""perilaku"": ""Rapi"", ""penampilan"": ""Kooperatif"", ""mekanisme_kopig"": ""Adaptif""}",,,2026-04-15 10:44:51,2026-04-15 18:12:21,,015809020426Y000850,,,I69.3,2026-04-15 00:00:00,"{""metadata"":{""code"":200,""message"":""Ok"",""method"":""idrg_procedure_set""},""data"":{""string"":""89.08"",""expanded"":[{""code"":""89.08"",""display"":""Other consultation"",""multiplicity"":1,""no"":""1"",""validcode"":""1"",""metadata"":{""code"":""200"",""message"":""Ok""}}]}}","{""metadata"":{""code"":200,""message"":""Ok"",""method"":""inacbg_procedure_set""},""data"":{""string"":""89.08"",""expanded"":[{""code"":""89.08"",""display"":""Other consultation"",""no"":""1"",""validcode"":""1"",""metadata"":{""code"":""200"",""message"":""Ok""}}]}}","{""metadata"":{""code"":200,""message"":""Ok"",""method"":""idrg_diagnosa_set""},""data"":{""string"":""Z71.9#I64"",""expanded"":[{""code"":""Z71.9"",""display"":""Counselling, unspecified"",""no"":""1"",""validcode"":""1"",""metadata"":{""code"":""200"",""message"":""Ok""}},{""code"":""I64"",""display"":""Stroke, not specified as haemorrhage or infarction"",""no"":""2"",""validcode"":""1"",""metadata"":{""code"":""200"",""message"":""Ok""}}]}}","{""metadata"":{""code"":200,""message"":""Ok"",""method"":""inacbg_diagnosa_set""},""data"":{""string"":""Z71.9#I64"",""expanded"":[{""code"":""Z71.9"",""display"":""Counselling, unspecified"",""no"":""1"",""validcode"":""1"",""metadata"":{""code"":""200"",""message"":""Ok""}},{""code"":""I64"",""display"":""Stroke, not specified as haemorrhage or infarction"",""no"":""2"",""validcode"":""1"",""metadata"":{""code"":""200"",""message"":""Ok""}}]}}"
704781,0,0,186800,,36.7,22,1160220.0,22.0,100.0,,113680,63680,28.0,113680,11.0,0,,Jenis Resiko Jatuh,ESI 5,2.0,,0.0,0,"{""covid19_date"": """", ""covid19_profesi"": """", ""covid19_jenis_pasien"": """", ""covid19_status_rawat"": """", ""covid19_status_keluar"": """", ""covid19_status_isolasi"": """", ""covid19_kewarganegaraan"": """", ""covid19_sebab_penularan"": """"}",61,0,14.0,"[null,null,null,null,null,null,null]",2,1.0,3.0,0.0,1.0,0,,0.0,-,0,"[null,null,null,null,null,null,null,null,null,null,null]",0.0,0.0,50000,01580902,"[""0"",""0"",""0"",""0"",""0"",""0""]",L,12.0,0,Q-5-44-0,,4.0,2,"{""sirs"": ""0"", ""perilaku"": ""Rapi"", ""penampilan"": ""Kooperatif"", ""suasana_hati"": ""Tenang"", ""hubungan_orla"": ""Baik"", ""orang_terdekat"": ""Orang Tua"", ""mekanisme_kopig"": ""Adaptif""}",P,Rujukan Baru,2026-04-15 09:40:46,2026-04-15 09:51:39,2014-11-10,015809020326Y002449,,0158R0040426K001597,,2026-04-15 09:40:46,"{""metadata"":{""code"":200,""message"":""Ok"",""method"":""idrg_procedure_set""},""data"":{""string"":""89.08"",""expanded"":[{""code"":""89.08"",""display"":""Other consultation"",""multiplicity"":1,""no"":""1"",""validcode"":""1"",""metadata"":{""code"":""200"",""message"":""Ok""}}]}}","{""metadata"":{""code"":200,""message"":""Ok"",""method"":""inacbg_procedure_set""},""data"":{""string"":""89.08"",""expanded"":[{""code"":""89.08"",""display"":""Other consultation"",""no"":""1"",""validcode"":""1"",""metadata"":{""code"":""200"",""message"":""Ok""}}]}}","{""metadata"":{""code"":200,""message"":""Ok"",""method"":""idrg_diagnosa_set""},""data"":{""string"":""Z09.8#G40.9"",""expanded"":[{""code"":""Z09.8"",""display"":""Follow-up exam after other treatment for other conditions"",""no"":""1"",""validcode"":""1"",""metadata"":{""code"":""200"",""message"":""Ok""}},{""code"":""G40.9"",""display"":""Epilepsy, unspecified"",""no"":""2"",""validcode"":""1"",""metadata"":{""code"":""200"",""message"":""Ok""}}]}}","{""metadata"":{""code"":200,""message"":""Ok"",""method"":""inacbg_diagnosa_set""},""data"":{""string"":""Z09.8#G40.9"",""expanded"":[{""code"":""Z09.8"",""display"":""Follow-up exam after other treatment for other conditions"",""no"":""1"",""validcode"":""1"",""metadata"":{""code"":""200"",""message"":""Ok""}},{""code"":""G40.9"",""display"":""Epilepsy, unspecified"",""no"":""2"",""validcode"":""1"",""metadata"":{""code"":""200"",""message"":""Ok""}}]}}"
704675,0,0,186800,125.0,36.8,2,1160220.0,23.0,91.0,80.0,277500,0,,468408,11.0,227500,,Jenis Resiko Jatuh,ESI 5,13.0,,0.0,0,"{""covid19_date"": """", ""covid19_profesi"": """", ""covid19_jenis_pasien"": """", ""covid19_status_rawat"": """", ""covid19_status_keluar"": """", ""covid19_status_isolasi"": """", ""covid19_kewarganegaraan"": """", ""covid19_sebab_penularan"": """"}",79,0,,"[null,null,null,null,null,null,null]",5,1.0,,0.0,9.0,0,,0.0,-,0,"[null,null,null,null,null,null,null,null,null,null,null]",2.0,0.0,50000,,"[""0"",""0"",""0"",""0"",""0"",""0""]",L,12.0,0,Q-5-44-0,428612.0,,2,,,,2026-04-15 08:10:52,2026-04-15 10:52:47,,015809020326Y000311,0158R0040326K001179,0158R0040426K001633,E11.4,2026-04-15 00:00:00,"{""metadata"":{""code"":200,""message"":""Ok"",""method"":""idrg_procedure_set""},""data"":{""string"":""89.08#90.59"",""expanded"":[{""code"":""89.08"",""display"":""Other consultation"",""multiplicity"":1,""no"":""1"",""validcode"":""1"",""metadata"":{""code"":""200"",""message"":""Ok""}},{""code"":""90.59"",""display"":""Microscopic examination of blood, Other microscopic examination"",""multiplicity"":1,""no"":""2"",""validcode"":""1"",""metadata"":{""code"":""200"",""message"":""Ok""}}]}}","{""metadata"":{""code"":200,""message"":""Ok"",""method"":""inacbg_procedure_set""},""data"":{""string"":""89.08#90.59"",""expanded"":[{""code"":""89.08"",""display"":""Other consultation"",""no"":""1"",""validcode"":""1"",""metadata"":{""code"":""200"",""message"":""Ok""}},{""code"":""90.59"",""display"":""Microscopic examination of blood, Other microscopic examination"",""no"":""2"",""validcode"":""1"",""metadata"":{""code"":""200"",""message"":""Ok""}}]}}","{""metadata"":{""code"":200,""message"":""Ok"",""method"":""idrg_diagnosa_set""},""data"":{""string"":""Z09.8#E11.4#R10.49"",""expanded"":[{""code"":""Z09.8"",""display"":""Follow-up exam after other treatment for other conditions"",""no"":""1"",""validcode"":""1"",""metadata"":{""code"":""200"",""message"":""Ok""}},{""code"":""E11.4"",""display"":""Non-insulin-dependent diabetes mellitus with neurological complications"",""no"":""2"",""validcode"":""1"",""metadata"":{""code"":""200"",""message"":""Ok""}},{""code"":""R10.49"",""display"":""Abdominal pain, unspecified (IM)"",""no"":""3"",""validcode"":""1"",""metadata"":{""code"":""200"",""message"":""Ok""}}]}}","{""metadata"":{""code"":200,""message"":""Ok"",""method"":""inacbg_diagnosa_set""},""data"":{""string"":""Z09.8#E11.4#R10.4"",""expanded"":[{""code"":""Z09.8"",""display"":""Follow-up exam after other treatment for other conditions"",""no"":""1"",""validcode"":""1"",""metadata"":{""code"":""200"",""message"":""Ok""}},{""code"":""E11.4"",""display"":""Non-insulin-dependent diabetes mellitus with neurological complications"",""no"":""2"",""validcode"":""1"",""metadata"":{""code"":""200"",""message"":""Ok""}},{""code"":""R10.4"",""display"":""Other and unspecified abdominal pain"",""no"":""3"",""validcode"":""1"",""metadata"":{""code"":""200"",""message"":""Ok""}}]}}"
703937,0,0,186800,180.0,36.7,13,1560220.0,20.0,87.0,121.0,50000,0,,285097,15.0,0,,Jenis Resiko Jatuh,ESI 4,2.0,,0.0,0,"{""covid19_date"": """", ""covid19_profesi"": """", ""covid19_jenis_pasien"": """", ""covid19_status_rawat"": """", ""covid19_status_keluar"": """", ""covid19_status_isolasi"": """", ""covid19_kewarganegaraan"": """", ""covid19_sebab_penularan"": """"}",79,0,21.0,"[null,null,null,null,null,null,null]",2,1.0,3.0,0.0,2.0,0,,0.0,-,0,"[null,null,null,null,null,null,null,null,null,null,null]",0.0,0.0,50000,01580903,"[""0"",""0"",""0"",""0"",""0"",""0""]",L,12.0,0,Q-5-44-0,,3.0,2,"{""sirs"": ""0"", ""perilaku"": ""Rapi"", ""penampilan"": ""Kooperatif"", ""suasana_hati"": ""Cemas"", ""hubungan_orla"": ""Baik"", ""orang_terdekat"": ""Suami/Istri"", ""mekanisme_kopig"": ""Adaptif""}",P,Rujukan Baru,2026-04-13 09:55:40,2026-04-13 10:38:01,1981-03-02,015809030426Y000047,,0158R0040426K001271,,2026-04-13 09:55:40,"{""metadata"":{""code"":200,""message"":""Ok"",""method"":""idrg_procedure_set""},""data"":{""string"":""89.08"",""expanded"":[{""code"":""89.08"",""display"":""Other consultation"",""multiplicity"":1,""no"":""1"",""validcode"":""1"",""metadata"":{""code"":""200"",""message"":""Ok""}}]}}","{""metadata"":{""code"":200,""message"":""Ok"",""method"":""inacbg_procedure_set""},""data"":{""string"":""89.08"",""expanded"":[{""code"":""89.08"",""display"":""Other consultation"",""no"":""1"",""validcode"":""1"",""metadata"":{""code"":""200"",""message"":""Ok""}}]}}","{""metadata"":{""code"":200,""message"":""Ok"",""method"":""idrg_diagnosa_set""},""data"":{""string"":""Z09.8#I15.8#B16.9"",""expanded"":[{""code"":""Z09.8"",""display"":""Follow-up exam after other treatment for other conditions"",""no"":""1"",""validcode"":""1"",""metadata"":{""code"":""200"",""message"":""Ok""}},{""code"":""I15.8"",""display"":""Other secondary hypertension"",""no"":""2"",""validcode"":""1"",""metadata"":{""code"":""200"",""message"":""Ok""}},{""code"":""B16.9"",""display"":""Acute hepatitis b without delta-agent and without hepatatitis coma"",""no"":""3"",""validcode"":""1"",""metadata"":{""code"":""200"",""message"":""Ok""}}]}}","{""metadata"":{""code"":200,""message"":""Ok"",""method"":""inacbg_diagnosa_set""},""data"":{""string"":""Z09.8#I15.8#B16.9"",""expanded"":[{""code"":""Z09.8"",""display"":""Follow-up exam after other treatment for other conditions"",""no"":""1"",""validcode"":""1"",""metadata"":{""code"":""200"",""message"":""Ok""}},{""code"":""I15.8"",""display"":""Other secondary hypertension"",""no"":""2"",""validcode"":""1"",""metadata"":{""code"":""200"",""message"":""Ok""}},{""code"":""B16.9"",""display"":""Acute hepatitis b without delta-agent and without hepatatitis coma"",""no"":""3"",""validcode"":""1"",""metadata"":{""code"":""200"",""message"":""Ok""}}]}}"
702764,0,62500,186800,120.0,37.0,2,1261220.0,20.0,88.0,70.0,184360,71860,,184360,12.0,0,,Jenis Resiko Jatuh,ESI 5,13.0,,0.0,0,"{""covid19_date"": """", ""covid19_profesi"": """", ""covid19_jenis_pasien"": """", ""covid19_status_rawat"": """", ""covid19_status_keluar"": """", ""covid19_status_isolasi"": """", ""covid19_kewarganegaraan"": """", ""covid19_sebab_penularan"": """"}",60,0,,"[null,null,null,null,null,null,null]",5,1.0,,0.0,9.0,0,,0.0,-,0,"[null,null,null,null,null,null,null,null,null,null,null]",2.0,0.0,50000,,"[""0"",""0"",""0"",""0"",""0"",""0""]",L,12.0,0,Q-5-44-0,36304.0,,2,"{""sirs"": ""0"", ""perilaku"": ""Rapi"", ""penampilan"": ""Kooperatif"", ""suasana_hati"": ""Tenang"", ""hubungan_orla"": ""Baik"", ""orang_terdekat"": ""Anak"", ""mekanisme_kopig"": ""Adaptif""}",,,2026-04-09 09:20:51,2026-04-09 10:47:06,,015809040326Y006627,0158R0040326K002752,0158R0040426K000865,H25.8,2026-04-09 00:00:00,"{""metadata"":{""code"":200,""message"":""Ok"",""method"":""idrg_procedure_set""},""data"":{""string"":""95.01#89.08"",""expanded"":[{""code"":""95.01"",""display"":""Limited eye examination"",""multiplicity"":1,""no"":""1"",""validcode"":""1"",""metadata"":{""code"":""200"",""message"":""Ok""}},{""code"":""89.08"",""display"":""Other consultation"",""multiplicity"":1,""no"":""2"",""validcode"":""1"",""metadata"":{""code"":""200"",""message"":""Ok""}}]}}","{""metadata"":{""code"":200,""message"":""Ok"",""method"":""inacbg_procedure_set""},""data"":{""string"":""95.01#89.08"",""expanded"":[{""code"":""95.01"",""display"":""Limited eye examination"",""no"":""1"",""validcode"":""1"",""metadata"":{""code"":""200"",""message"":""Ok""}},{""code"":""89.08"",""display"":""Other consultation"",""no"":""2"",""validcode"":""1"",""metadata"":{""code"":""200"",""message"":""Ok""}}]}}","{""metadata"":{""code"":200,""message"":""Ok"",""method"":""idrg_diagnosa_set""},""data"":{""string"":""Z09.8#H16.0#H04.8#H25.9"",""expanded"":[{""code"":""Z09.8"",""display"":""Follow-up exam after other treatment for other conditions"",""no"":""1"",""validcode"":""1"",""metadata"":{""code"":""200"",""message"":""Ok""}},{""code"":""H16.0"",""display"":""Corneal ulcer"",""no"":""2"",""validcode"":""1"",""metadata"":{""code"":""200"",""message"":""Ok""}},{""code"":""H04.8"",""display"":""Other disorders of lacrimal system"",""no"":""3"",""validcode"":""1"",""metadata"":{""code"":""200"",""message"":""Ok""}},{""code"":""H25.9"",""display"":""Senile cataract, unspecified"",""no"":""4"",""validcode"":""1"",""metadata"":{""code"":""200"",""message"":""Ok""}}]}}","{""metadata"":{""code"":200,""message"":""Ok"",""method"":""inacbg_diagnosa_set""},""data"":{""string"":""Z09.8#H16.0#H04.8#H25.9"",""expanded"":[{""code"":""Z09.8"",""display"":""Follow-up exam after other treatment for other conditions"",""no"":""1"",""validcode"":""1"",""metadata"":{""code"":""200"",""message"":""Ok""}},{""code"":""H16.0"",""display"":""Corneal ulcer"",""no"":""2"",""validcode"":""1"",""metadata"":{""code"":""200"",""message"":""Ok""}},{""code"":""H04.8"",""display"":""Other disorders of lacrimal system"",""no"":""3"",""validcode"":""1"",""metadata"":{""code"":""200"",""message"":""Ok""}},{""code"":""H25.9"",""display"":""Senile cataract, unspecified"",""no"":""4"",""validcode"":""1"",""metadata"":{""code"":""200"",""message"":""Ok""}}]}}"
702640,0,0,186800,131.0,36.6,13,1661220.0,20.0,94.0,87.0,50000,0,,100906,16.0,0,,Jenis Resiko Jatuh,ESI 4,,,1.0,0,"{""covid19_date"": """", ""covid19_profesi"": """", ""covid19_jenis_pasien"": """", ""covid19_status_rawat"": """", ""covid19_status_keluar"": """", ""covid19_status_isolasi"": """", ""covid19_kewarganegaraan"": """", ""covid19_sebab_penularan"": """"}",79,0,21.0,"[null,null,null,null,null,null,null]",6,1.0,3.0,0.0,5.0,0,,1.0,-,0,"[null,null,null,null,null,null,null,null,null,null,null]",0.0,0.0,50000,01580904,"[""0"",""0"",""0"",""0"",""0"",""0""]",L,13.0,0,Q-5-44-0,428612.0,4.0,2,"{""sirs"": ""0"", ""perilaku"": ""Rapi"", ""penampilan"": ""Kooperatif"", ""suasana_hati"": ""Cemas"", ""hubungan_orla"": ""Baik"", ""orang_terdekat"": ""Suami/Istri"", ""mekanisme_kopig"": ""Adaptif""}",P,Kontrol Pasca Rawat Inap,2026-04-09 07:41:50,2026-04-09 11:36:55,1992-12-26,,0158R0040426K000228,,Z09.9,2026-04-09 07:41:50,"{""metadata"":{""code"":200,""message"":""Ok"",""method"":""idrg_procedure_set""},""data"":{""string"":""89.08"",""expanded"":[{""code"":""89.08"",""display"":""Other consultation"",""multiplicity"":1,""no"":""1"",""validcode"":""1"",""metadata"":{""code"":""200"",""message"":""Ok""}}]}}","{""metadata"":{""code"":200,""message"":""Ok"",""method"":""inacbg_procedure_set""},""data"":{""string"":""89.08"",""expanded"":[{""code"":""89.08"",""display"":""Other consultation"",""no"":""1"",""validcode"":""1"",""metadata"":{""code"":""200"",""message"":""Ok""}}]}}","{""metadata"":{""code"":200,""message"":""Ok"",""method"":""idrg_diagnosa_set""},""data"":{""string"":""Z09.8#R10.49#R11.9#J40"",""expanded"":[{""code"":""Z09.8"",""display"":""Follow-up exam after other treatment for other conditions"",""no"":""1"",""validcode"":""1"",""metadata"":{""code"":""200"",""message"":""Ok""}},{""code"":""R10.49"",""display"":""Abdominal pain, unspecified (IM)"",""no"":""2"",""validcode"":""1"",""metadata"":{""code"":""200"",""message"":""Ok""}},{""code"":""R11.9"",""display"":""Nausea and vomiting, unspecified (IM)"",""no"":""3"",""validcode"":""1"",""metadata"":{""code"":""200"",""message"":""Ok""}},{""code"":""J40"",""display"":""Bronchitis, not specified as acute or chronic"",""no"":""4"",""validcode"":""1"",""metadata"":{""code"":""200"",""message"":""Ok""}}]}}","{""metadata"":{""code"":200,""message"":""Ok"",""method"":""inacbg_diagnosa_set""},""data"":{""string"":""Z09.8#R10.4#R11#J40"",""expanded"":[{""code"":""Z09.8"",""display"":""Follow-up exam after other treatment for other conditions"",""no"":""1"",""validcode"":""1"",""metadata"":{""code"":""200"",""message"":""Ok""}},{""code"":""R10.4"",""display"":""Other and unspecified abdominal pain"",""no"":""2"",""validcode"":""1"",""metadata"":{""code"":""200"",""message"":""Ok""}},{""code"":""R11"",""display"":""Nausea and vomiting"",""no"":""3"",""validcode"":""1"",""metadata"":{""code"":""200"",""message"":""Ok""}},{""code"":""J40"",""display"":""Bronchitis, not specified as acute or chronic"",""no"":""4"",""validcode"":""1"",""metadata"":{""code"":""200"",""message"":""Ok""}}]}}"
700520,0,0,551100,111.0,36.6,13,9047120.0,20.0,91.0,66.0,237199,17199,,237199,90.0,0,,Jenis Resiko Jatuh,ESI 4,2.0,,0.0,170000,"{""covid19_date"": """", ""covid19_profesi"": """", ""covid19_jenis_pasien"": """", ""covid19_status_rawat"": """", ""covid19_status_keluar"": """", ""covid19_status_isolasi"": """", ""covid19_kewarganegaraan"": """", ""covid19_sebab_penularan"": """"}",79,0,14.0,"[null,null,null,null,null,null,null]",2,1.0,3.0,0.0,7.0,0,,0.0,-,0,"[null,null,null,null,null,null,null,null,null,null,null]",0.0,0.0,50000,01580905,"[""0"",""0"",""0"",""0"",""0"",""0""]",L,12.0,0,Z-3-23-0,,4.0,3,"{""sirs"": ""0"", ""perilaku"": ""Rapi"", ""penampilan"": ""Kooperatif"", ""suasana_hati"": ""Cemas"", ""hubungan_orla"": ""Baik"", ""orang_terdekat"": ""Suami/Istri"", ""mekanisme_kopig"": ""Adaptif""}",P,Rujukan Baru,2026-04-02 08:40:42,2026-04-02 11:00:47,1990-11-11,015809050326Y001584,,0158R0040426K000205,,2026-04-02 08:40:42,"{""metadata"":{""code"":200,""message"":""Ok"",""method"":""idrg_procedure_set""},""data"":{""string"":""88.76#89.08"",""expanded"":[{""code"":""88.76"",""display"":""Diagnostic ultrasound of abdomen and retroperitoneum"",""multiplicity"":1,""no"":""1"",""validcode"":""1"",""metadata"":{""code"":""200"",""message"":""Ok""}},{""code"":""89.08"",""display"":""Other consultation"",""multiplicity"":1,""no"":""2"",""validcode"":""1"",""metadata"":{""code"":""200"",""message"":""Ok""}}]}}","{""metadata"":{""code"":200,""message"":""Ok"",""method"":""inacbg_procedure_set""},""data"":{""string"":""88.76#89.08"",""expanded"":[{""code"":""88.76"",""display"":""Diagnostic ultrasound of abdomen and retroperitoneum"",""no"":""1"",""validcode"":""1"",""metadata"":{""code"":""200"",""message"":""Ok""}},{""code"":""89.08"",""display"":""Other consultation"",""no"":""2"",""validcode"":""1"",""metadata"":{""code"":""200"",""message"":""Ok""}}]}}","{""metadata"":{""code"":200,""message"":""Ok"",""method"":""idrg_diagnosa_set""},""data"":{""string"":""Z09.8#R10.48#L50.0"",""expanded"":[{""code"":""Z09.8"",""display"":""Follow-up exam after other treatment for other conditions"",""no"":""1"",""validcode"":""1"",""metadata"":{""code"":""200"",""message"":""Ok""}},{""code"":""R10.48"",""display"":""Other abdominal pain (IM)"",""no"":""2"",""validcode"":""1"",""metadata"":{""code"":""200"",""message"":""Ok""}},{""code"":""L50.0"",""display"":""Allergic urticaria"",""no"":""3"",""validcode"":""1"",""metadata"":{""code"":""200"",""message"":""Ok""}}]}}","{""metadata"":{""code"":200,""message"":""Ok"",""method"":""inacbg_diagnosa_set""},""data"":{""string"":""Z09.8#R10.4#L50.0"",""expanded"":[{""code"":""Z09.8"",""display"":""Follow-up exam after other treatment for other conditions"",""no"":""1"",""validcode"":""1"",""metadata"":{""code"":""200"",""message"":""Ok""}},{""code"":""R10.4"",""display"":""Other and unspecified abdominal pain"",""no"":""2"",""validcode"":""1"",""metadata"":{""code"":""200"",""message"":""Ok""}},{""code"":""L50.0"",""display"":""Allergic urticaria"",""no"":""3"",""validcode"":""1"",""metadata"":{""code"":""200"",""message"":""Ok""}}]}}"
700510,0,0,143700,192.0,37.0,13,3061220.0,20.0,76.0,88.0,64200,14200,,64200,30.0,0,99.0,Jenis Resiko Jatuh,ESI 2,2.0,,0.0,0,"{""covid19_date"": """", ""covid19_profesi"": """", ""covid19_jenis_pasien"": """", ""covid19_status_rawat"": """", ""covid19_status_keluar"": """", ""covid19_status_isolasi"": """", ""covid19_kewarganegaraan"": """", ""covid19_sebab_penularan"": """"}",64,0,,"[null,null,null,null,null,null,null]",2,1.0,,0.0,,0,,0.0,-,0,"[null,null,null,null,null,null,null,null,null,null,null]",0.0,0.0,50000,,"[""0"",""0"",""0"",""0"",""0"",""0""]",L,3.0,0,Q-5-18-0,,,4,"{""sirs"": ""0"", ""perilaku"": ""Rapi"", ""penampilan"": ""Kooperatif"", ""suasana_hati"": ""Tenang"", ""hubungan_orla"": ""Baik"", ""mekanisme_kopig"": ""Adaptif""}",,,2026-04-02 01:31:50,2026-04-02 11:13:05,,015809120426Y000016,,,M48.0,2026-04-02 00:00:00,"{""metadata"":{""code"":200,""message"":""Ok"",""method"":""idrg_procedure_set""},""data"":{""string"":""89.08"",""expanded"":[{""code"":""89.08"",""display"":""Other consultation"",""multiplicity"":1,""no"":""1"",""validcode"":""1"",""metadata"":{""code"":""200"",""message"":""Ok""}}]}}","{""metadata"":{""code"":200,""message"":""Ok"",""method"":""inacbg_procedure_set""},""data"":{""string"":""89.08"",""expanded"":[{""code"":""89.08"",""display"":""Other consultation"",""no"":""1"",""validcode"":""1"",""metadata"":{""code"":""200"",""message"":""Ok""}}]}}","{""metadata"":{""code"":200,""message"":""Ok"",""method"":""idrg_diagnosa_set""},""data"":{""string"":""Z71.9#Z96.6"",""expanded"":[{""code"":""Z71.9"",""display"":""Counselling, unspecified"",""no"":""1"",""validcode"":""1"",""metadata"":{""code"":""200"",""message"":""Ok""}},{""code"":""Z96.6"",""display"":""Presence of orthopaedic joint implants"",""no"":""2"",""validcode"":""1"",""metadata"":{""code"":""200"",""message"":""Ok""}}]}}","{""metadata"":{""code"":200,""message"":""Ok"",""method"":""inacbg_diagnosa_set""},""data"":{""string"":""Z71.9#Z96.6"",""expanded"":[{""code"":""Z71.9"",""display"":""Counselling, unspecified"",""no"":""1"",""validcode"":""1"",""metadata"":{""code"":""200"",""message"":""Ok""}},{""code"":""Z96.6"",""display"":""Presence of orthopaedic joint implants"",""no"":""2"",""validcode"":""1"",""metadata"":{""code"":""200"",""message"":""Ok""}}]}}"
700117,0,0,143700,159.0,,13,3061220.0,,89.0,95.0,50000,0,,50000,30.0,0,,Jenis Resiko Jatuh,ESI 3,2.0,,0.0,0,"{""covid19_date"": """", ""covid19_profesi"": """", ""covid19_jenis_pasien"": """", ""covid19_status_rawat"": """", ""covid19_status_keluar"": """", ""covid19_status_isolasi"": """", ""covid19_kewarganegaraan"": """", ""covid19_sebab_penularan"": """"}",79,0,,"[null,null,null,null,null,null,null]",2,1.0,,0.0,,0,,0.0,-,0,"[null,null,null,null,null,null,null,null,null,null,null]",0.0,0.0,50000,,"[""0"",""0"",""0"",""0"",""0"",""0""]",L,3.0,0,Q-5-18-0,,,2,"{""sirs"": ""0"", ""perilaku"": ""Rapi"", ""penampilan"": ""Kooperatif"", ""suasana_hati"": ""Tenang"", ""hubungan_orla"": ""Baik"", ""orang_terdekat"": ""Anak"", ""mekanisme_kopig"": ""Adaptif""}",,,2026-04-01 02:18:35,2026-04-01 09:47:58,,015809130426Y000003,,,E14.4,2026-04-01 00:00:00,"{""metadata"":{""code"":200,""message"":""Ok"",""method"":""idrg_procedure_set""},""data"":{""string"":""89.08"",""expanded"":[{""code"":""89.08"",""display"":""Other consultation"",""multiplicity"":1,""no"":""1"",""validcode"":""1"",""metadata"":{""code"":""200"",""message"":""Ok""}}]}}","{""metadata"":{""code"":200,""message"":""Ok"",""method"":""inacbg_procedure_set""},""data"":{""string"":""89.08"",""expanded"":[{""code"":""89.08"",""display"":""Other consultation"",""no"":""1"",""validcode"":""1"",""metadata"":{""code"":""200"",""message"":""Ok""}}]}}","{""metadata"":{""code"":200,""message"":""Ok"",""method"":""idrg_diagnosa_set""},""data"":{""string"":""Z71.9#E11.4#I15.8"",""expanded"":[{""code"":""Z71.9"",""display"":""Counselling, unspecified"",""no"":""1"",""validcode"":""1"",""metadata"":{""code"":""200"",""message"":""Ok""}},{""code"":""E11.4"",""display"":""Non-insulin-dependent diabetes mellitus with neurological complications"",""no"":""2"",""validcode"":""1"",""metadata"":{""code"":""200"",""message"":""Ok""}},{""code"":""I15.8"",""display"":""Other secondary hypertension"",""no"":""3"",""validcode"":""1"",""metadata"":{""code"":""200"",""message"":""Ok""}}]}}","{""metadata"":{""code"":200,""message"":""Ok"",""method"":""inacbg_diagnosa_set""},""data"":{""string"":""Z71.9#E11.4#I15.8"",""expanded"":[{""code"":""Z71.9"",""display"":""Counselling, unspecified"",""no"":""1"",""validcode"":""1"",""metadata"":{""code"":""200"",""message"":""Ok""}},{""code"":""E11.4"",""display"":""Non-insulin-dependent diabetes mellitus with neurological complications"",""no"":""2"",""validcode"":""1"",""metadata"":{""code"":""200"",""message"":""Ok""}},{""code"":""I15.8"",""display"":""Other secondary hypertension"",""no"":""3"",""validcode"":""1"",""metadata"":{""code"":""200"",""message"":""Ok""}}]}}"
719215,0,0,156300,144.0,36.7,13,1661120.0,20.0,79.0,105.0,0,0,,65636,16.0,0,98.0,gugo,ESI 4,2.0,7.0,0.0,0,"{""covid19_date"": """", ""covid19_profesi"": """", ""covid19_jenis_pasien"": """", ""covid19_status_rawat"": """", ""covid19_status_keluar"": """", ""covid19_status_isolasi"": """", ""covid19_kewarganegaraan"": """", ""covid19_sebab_penularan"": """"}",1,0,,"[null,null,null,null,null,null,null]",2,1.0,,0.0,9.0,0,,0.0,,0,"[null,null,null,null,null,null,null,null,null,null,null]",,0.0,0,,"[null,null,null,null,null,null]",B,1.0,0,Q-5-25-0,,,99,"{""sirs"": ""1"", ""perilaku"": ""Rapi"", ""penampilan"": ""Kooperatif"", ""suasana_hati"": ""Sedih"", ""hubungan_orla"": ""Baik"", ""orang_terdekat"": ""Anak"", ""mekanisme_kopig"": ""Adaptif""}",,,2026-05-31 20:43:43,2026-05-31 21:08:14,,,,,R10.0,2026-05-31 20:43:00,"{""metadata"":{""code"":200,""message"":""Ok"",""method"":""idrg_procedure_set""},""data"":{""string"":""89.08"",""expanded"":[{""code"":""89.08"",""display"":""Other consultation"",""multiplicity"":1,""no"":""1"",""validcode"":""1"",""metadata"":{""code"":""200"",""message"":""Ok""}}]}}","{""metadata"":{""code"":200,""message"":""Ok"",""method"":""inacbg_procedure_set""},""data"":{""string"":""89.08"",""expanded"":[{""code"":""89.08"",""display"":""Other consultation"",""no"":""1"",""validcode"":""1"",""metadata"":{""code"":""200"",""message"":""Ok""}}]}}","{""metadata"":{""code"":200,""message"":""Ok"",""method"":""idrg_diagnosa_set""},""data"":{""string"":""R10.49#R11.9"",""expanded"":[{""code"":""R10.49"",""display"":""Abdominal pain, unspecified (IM)"",""no"":""1"",""validcode"":""1"",""metadata"":{""code"":""200"",""message"":""Ok""}},{""code"":""R11.9"",""display"":""Nausea and vomiting, unspecified (IM)"",""no"":""2"",""validcode"":""1"",""metadata"":{""code"":""200"",""message"":""Ok""}}]}}","{""metadata"":{""code"":200,""message"":""Ok"",""method"":""inacbg_diagnosa_set""},""data"":{""string"":""R10.4#R11"",""expanded"":[{""code"":""R10.4"",""display"":""Other and unspecified abdominal pain"",""no"":""1"",""validcode"":""1"",""metadata"":{""code"":""200"",""message"":""Ok""}},{""code"":""R11"",""display"":""Nausea and vomiting"",""no"":""2"",""validcode"":""1"",""metadata"":{""code"":""200"",""message"":""Ok""}}]}}"
719074,0,120000,186800,118.0,37.0,14,3061220.0,22.0,89.0,70.0,170000,0,43.0,183148,30.0,0,98.0,Jenis Resiko Jatuh,ESI 3,,3.0,0.0,0,"{""covid19_date"": """", ""covid19_profesi"": """", ""covid19_jenis_pasien"": """", ""covid19_status_rawat"": """", ""covid19_status_keluar"": """", ""covid19_status_isolasi"": """", ""covid19_kewarganegaraan"": """", ""covid19_sebab_penularan"": """"}",28,0,,"[null,null,null,null,null,null,null]",6,2.0,,0.0,9.0,0,0.0,0.0,,0,"[null,null,null,null,null,null,null,null,null,null,null]",0.0,0.0,50000,,"[""0"",""0"",""0"",""0"",""0"",""0""]",L,1.0,0,Q-5-44-0,423648.0,,2,"{""sirs"": ""0"", ""perilaku"": ""Rapi"", ""penampilan"": ""Kooperatif"", ""suasana_hati"": ""Tenang"", ""hubungan_orla"": ""Baik"", ""orang_terdekat"": ""Suami/Istri"", ""mekanisme_kopig"": ""Adaptif""}",,,2026-05-30 09:56:09,2026-05-30 11:14:05,,0158R0040526V003237,0158R0040526K002332,,O20,2026-05-30 00:00:00,"{""metadata"":{""code"":200,""message"":""Ok"",""method"":""idrg_procedure_set""},""data"":{""string"":""89.08"",""expanded"":[{""code"":""89.08"",""display"":""Other consultation"",""multiplicity"":1,""no"":""1"",""validcode"":""1"",""metadata"":{""code"":""200"",""message"":""Ok""}}]}}","{""metadata"":{""code"":200,""message"":""Ok"",""method"":""inacbg_procedure_set""},""data"":{""string"":""89.08"",""expanded"":[{""code"":""89.08"",""display"":""Other consultation"",""no"":""1"",""validcode"":""1"",""metadata"":{""code"":""200"",""message"":""Ok""}}]}}","{""metadata"":{""code"":200,""message"":""Ok"",""method"":""idrg_diagnosa_set""},""data"":{""string"":""Z48.9#O02.0"",""expanded"":[{""code"":""Z48.9"",""display"":""Surgical follow-up care, unspecified"",""no"":""1"",""validcode"":""1"",""metadata"":{""code"":""200"",""message"":""Ok""}},{""code"":""O02.0"",""display"":""Blighted ovum and nonhydatidiform mole"",""no"":""2"",""validcode"":""1"",""metadata"":{""code"":""200"",""message"":""Ok""}}]}}","{""metadata"":{""code"":200,""message"":""Ok"",""method"":""inacbg_diagnosa_set""},""data"":{""string"":""Z48.9#O02.0"",""expanded"":[{""code"":""Z48.9"",""display"":""Surgical follow-up care, unspecified"",""no"":""1"",""validcode"":""1"",""metadata"":{""code"":""200"",""message"":""Ok""}},{""code"":""O02.0"",""display"":""Blighted ovum and nonhydatidiform mole"",""no"":""2"",""validcode"":""1"",""metadata"":{""code"":""200"",""message"":""Ok""}}]}}"
719071,1,0,186800,,37.0,1,1361220.0,21.0,100.0,,50000,0,29.0,67654,13.0,0,99.0,Jenis Resiko Jatuh,ESI 3,13.0,,0.0,0,"{""covid19_date"": """", ""covid19_profesi"": """", ""covid19_jenis_pasien"": """", ""covid19_status_rawat"": """", ""covid19_status_keluar"": """", ""covid19_status_isolasi"": """", ""covid19_kewarganegaraan"": """", ""covid19_sebab_penularan"": """"}",61,0,21.0,"[null,null,null,null,null,null,null]",5,1.0,3.0,0.0,1.0,0,0.0,0.0,-,0,"[null,null,null,null,null,null,null,null,null,null,null]",2.0,0.0,50000,01580902,"[""0"",""0"",""0"",""0"",""0"",""0""]",L,12.0,0,Q-5-44-0,348866.0,1.0,1,"{""perilaku"": ""Rapi"", ""penampilan"": ""Kooperatif"", ""suasana_hati"": ""Tenang"", ""hubungan_orla"": ""Baik"", ""orang_terdekat"": ""Orang Tua"", ""mekanisme_kopig"": ""Adaptif""}",L,Kontrol,2026-05-30 09:52:44,2026-05-30 10:15:16,2018-09-09,015809020426Y001553,0158R0040526K001411,0158R0040526K003081,,2026-05-30 09:52:44,"{""metadata"":{""code"":200,""message"":""Ok"",""method"":""idrg_procedure_set""},""data"":{""string"":""89.08"",""expanded"":[{""code"":""89.08"",""display"":""Other consultation"",""multiplicity"":1,""no"":""1"",""validcode"":""1"",""metadata"":{""code"":""200"",""message"":""Ok""}}]}}","{""metadata"":{""code"":200,""message"":""Ok"",""method"":""inacbg_procedure_set""},""data"":{""string"":""89.08"",""expanded"":[{""code"":""89.08"",""display"":""Other consultation"",""no"":""1"",""validcode"":""1"",""metadata"":{""code"":""200"",""message"":""Ok""}}]}}","{""metadata"":{""code"":200,""message"":""Ok"",""method"":""idrg_diagnosa_set""},""data"":{""string"":""Z09.8#J00"",""expanded"":[{""code"":""Z09.8"",""display"":""Follow-up exam after other treatment for other conditions"",""no"":""1"",""validcode"":""1"",""metadata"":{""code"":""200"",""message"":""Ok""}},{""code"":""J00"",""display"":""Acute nasopharyngitis [common cold]"",""no"":""2"",""validcode"":""1"",""metadata"":{""code"":""200"",""message"":""Ok""}}]}}","{""metadata"":{""code"":200,""message"":""Ok"",""method"":""inacbg_diagnosa_set""},""data"":{""string"":""Z09.8#J00"",""expanded"":[{""code"":""Z09.8"",""display"":""Follow-up exam after other treatment for other conditions"",""no"":""1"",""validcode"":""1"",""metadata"":{""code"":""200"",""message"":""Ok""}},{""code"":""J00"",""display"":""Acute nasopharyngitis [common cold]"",""no"":""2"",""validcode"":""1"",""metadata"":{""code"":""200"",""message"":""Ok""}}]}}"
719069,1,360000,399000,113.0,36.0,13,1319120.0,21.0,92.0,66.0,720000,0,,729578,13.0,0,99.0,Jenis Resiko Jatuh,ESI 5,2.0,,0.0,0,"{""covid19_date"": """", ""covid19_profesi"": """", ""covid19_jenis_pasien"": """", ""covid19_status_rawat"": """", ""covid19_status_keluar"": """", ""covid19_status_isolasi"": """", ""covid19_kewarganegaraan"": """", ""covid19_sebab_penularan"": """"}",86,0,14.0,"[null,null,null,null,null,null,null]",2,1.0,3.0,0.0,,310000,0.0,0.0,,0,"[null,null,null,null,null,null,null,null,null,null,null]",0.0,0.0,50000,0158B071,"[""0"",""0"",""0"",""0"",""0"",""0""]",L,12.0,0,U-2-25-0,,1.0,2,"{""sirs"": ""0"", ""perilaku"": ""Rapi"", ""penampilan"": ""Kooperatif"", ""suasana_hati"": ""Tenang"", ""hubungan_orla"": ""Baik"", ""orang_terdekat"": ""Teman"", ""mekanisme_kopig"": ""Adaptif""}",L,Rujukan Baru,2026-05-30 09:50:54,2026-05-30 11:03:55,1948-04-01,0158B0710526Y001903,,0158R0040526K003099,,2026-05-30 09:50:54,"{""metadata"":{""code"":200,""message"":""Ok"",""method"":""idrg_procedure_set""},""data"":{""string"":""98.11+2#20.39#89.08"",""expanded"":[{""code"":""98.11"",""display"":""Removal of intraluminal foreign body from ear without incision"",""multiplicity"":2,""no"":""1"",""validcode"":""1"",""metadata"":{""code"":""200"",""message"":""Ok""}},{""code"":""20.39"",""display"":""Other diagnostic procedures on middle and inner ear"",""multiplicity"":1,""no"":""2"",""validcode"":""1"",""metadata"":{""code"":""200"",""message"":""Ok""}},{""code"":""89.08"",""display"":""Other consultation"",""multiplicity"":1,""no"":""3"",""validcode"":""1"",""metadata"":{""code"":""200"",""message"":""Ok""}}]}}","{""metadata"":{""code"":200,""message"":""Ok"",""method"":""inacbg_procedure_set""},""data"":{""string"":""98.11#20.39#89.08"",""expanded"":[{""code"":""98.11"",""display"":""Removal of intraluminal foreign body from ear without incision"",""no"":""1"",""validcode"":""1"",""metadata"":{""code"":""200"",""message"":""Ok""}},{""code"":""20.39"",""display"":""Other diagnostic procedures on middle and inner ear"",""no"":""2"",""validcode"":""1"",""metadata"":{""code"":""200"",""message"":""Ok""}},{""code"":""89.08"",""display"":""Other consultation"",""no"":""3"",""validcode"":""1"",""metadata"":{""code"":""200"",""message"":""Ok""}}]}}","{""metadata"":{""code"":200,""message"":""Ok"",""method"":""idrg_diagnosa_set""},""data"":{""string"":""Z09.8#H66.3"",""expanded"":[{""code"":""Z09.8"",""display"":""Follow-up exam after other treatment for other conditions"",""no"":""1"",""validcode"":""1"",""metadata"":{""code"":""200"",""message"":""Ok""}},{""code"":""H66.3"",""display"":""Other chronic suppurative otitis media"",""no"":""2"",""validcode"":""1"",""metadata"":{""code"":""200"",""message"":""Ok""}}]}}","{""metadata"":{""code"":200,""message"":""Ok"",""method"":""inacbg_diagnosa_set""},""data"":{""string"":""Z09.8#H66.3"",""expanded"":[{""code"":""Z09.8"",""display"":""Follow-up exam after other treatment for other conditions"",""no"":""1"",""validcode"":""1"",""metadata"":{""code"":""200"",""message"":""Ok""}},{""code"":""H66.3"",""display"":""Other chronic suppurative otitis media"",""no"":""2"",""validcode"":""1"",""metadata"":{""code"":""200"",""message"":""Ok""}}]}}"
719006,0,0,551100,117.0,36.8,14,9047120.0,22.0,64.0,76.0,220000,0,,372056,90.0,0,,Jenis Resiko Jatuh,ESI 2,2.0,,0.0,170000,"{""covid19_date"": """", ""covid19_profesi"": """", ""covid19_jenis_pasien"": """", ""covid19_status_rawat"": """", ""covid19_status_keluar"": """", ""covid19_status_isolasi"": """", ""covid19_kewarganegaraan"": """", ""covid19_sebab_penularan"": """"}",79,0,21.0,"[null,null,null,null,null,null,null]",2,1.0,3.0,0.0,,0,0.0,0.0,-,0,"[null,null,null,null,null,null,null,null,null,null,null]",0.0,0.0,50000,01580905,"[""0"",""0"",""0"",""0"",""0"",""0""]",L,12.0,0,Z-3-23-0,,1.0,2,,P,Rujukan Baru,2026-05-30 08:43:06,2026-05-30 09:42:27,1954-05-10,015809050526Y000596,,0158R0040526K003060,,2026-05-30 08:43:06,"{""metadata"":{""code"":200,""message"":""Ok"",""method"":""idrg_procedure_set""},""data"":{""string"":""89.08#88.76"",""expanded"":[{""code"":""89.08"",""display"":""Other consultation"",""multiplicity"":1,""no"":""1"",""validcode"":""1"",""metadata"":{""code"":""200"",""message"":""Ok""}},{""code"":""88.76"",""display"":""Diagnostic ultrasound of abdomen and retroperitoneum"",""multiplicity"":1,""no"":""2"",""validcode"":""1"",""metadata"":{""code"":""200"",""message"":""Ok""}}]}}","{""metadata"":{""code"":200,""message"":""Ok"",""method"":""inacbg_procedure_set""},""data"":{""string"":""89.08#88.76"",""expanded"":[{""code"":""89.08"",""display"":""Other consultation"",""no"":""1"",""validcode"":""1"",""metadata"":{""code"":""200"",""message"":""Ok""}},{""code"":""88.76"",""display"":""Diagnostic ultrasound of abdomen and retroperitoneum"",""no"":""2"",""validcode"":""1"",""metadata"":{""code"":""200"",""message"":""Ok""}}]}}","{""metadata"":{""code"":200,""message"":""Ok"",""method"":""idrg_diagnosa_set""},""data"":{""string"":""Z09.8#K80.2#N20.0#E78.9"",""expanded"":[{""code"":""Z09.8"",""display"":""Follow-up exam after other treatment for other conditions"",""no"":""1"",""validcode"":""1"",""metadata"":{""code"":""200"",""message"":""Ok""}},{""code"":""K80.2"",""display"":""Calculus of gallbladder without cholecystitis"",""no"":""2"",""validcode"":""1"",""metadata"":{""code"":""200"",""message"":""Ok""}},{""code"":""N20.0"",""display"":""Calculus of kidney"",""no"":""3"",""validcode"":""1"",""metadata"":{""code"":""200"",""message"":""Ok""}},{""code"":""E78.9"",""display"":""Disorder of lipoprotein metabolism, unspecified"",""no"":""4"",""validcode"":""1"",""metadata"":{""code"":""200"",""message"":""Ok""}}]}}","{""metadata"":{""code"":200,""message"":""Ok"",""method"":""inacbg_diagnosa_set""},""data"":{""string"":""Z09.8#K80.2#N20.0#E78.9"",""expanded"":[{""code"":""Z09.8"",""display"":""Follow-up exam after other treatment for other conditions"",""no"":""1"",""validcode"":""1"",""metadata"":{""code"":""200"",""message"":""Ok""}},{""code"":""K80.2"",""display"":""Calculus of gallbladder without cholecystitis"",""no"":""2"",""validcode"":""1"",""metadata"":{""code"":""200"",""message"":""Ok""}},{""code"":""N20.0"",""display"":""Calculus of kidney"",""no"":""3"",""validcode"":""1"",""metadata"":{""code"":""200"",""message"":""Ok""}},{""code"":""E78.9"",""display"":""Disorder of lipoprotein metabolism, unspecified"",""no"":""4"",""validcode"":""1"",""metadata"":{""code"":""200"",""message"":""Ok""}}]}}"
718136,1,0,127900,,,16,3542120.0,,,,100000,0,,100000,35.0,0,,,,5.0,,,0,"{""covid19_date"": """", ""covid19_profesi"": """", ""covid19_jenis_pasien"": """", ""covid19_status_rawat"": """", ""covid19_status_keluar"": """", ""covid19_status_isolasi"": """", ""covid19_kewarganegaraan"": """", ""covid19_sebab_penularan"": """"}",69,0,,,4,1.0,,,9.0,0,,,,100000,,0.0,,0,,,L,12.0,0,M-3-16-0,,,4,,,,2026-05-26 03:56:15,2026-05-26 13:23:50,,0158B0750426Y000180,,,E05.5,2026-05-26 00:00:00,"{""metadata"":{""code"":200,""message"":""Ok"",""method"":""idrg_procedure_set""},""data"":{""string"":""93.39#93.12#89.08"",""expanded"":[{""code"":""93.39"",""display"":""Other physical therapy"",""multiplicity"":1,""no"":""1"",""validcode"":""1"",""metadata"":{""code"":""200"",""message"":""Ok""}},{""code"":""93.12"",""display"":""Other active musculoskeletal exercise"",""multiplicity"":1,""no"":""2"",""validcode"":""1"",""metadata"":{""code"":""200"",""message"":""Ok""}},{""code"":""89.08"",""display"":""Other consultation"",""multiplicity"":1,""no"":""3"",""validcode"":""1"",""metadata"":{""code"":""200"",""message"":""Ok""}}]}}","{""metadata"":{""code"":200,""message"":""Ok"",""method"":""inacbg_procedure_set""},""data"":{""string"":""93.39#93.12#89.08"",""expanded"":[{""code"":""93.39"",""display"":""Other physical therapy"",""no"":""1"",""validcode"":""1"",""metadata"":{""code"":""200"",""message"":""Ok""}},{""code"":""93.12"",""display"":""Other active musculoskeletal exercise"",""no"":""2"",""validcode"":""1"",""metadata"":{""code"":""200"",""message"":""Ok""}},{""code"":""89.08"",""display"":""Other consultation"",""no"":""3"",""validcode"":""1"",""metadata"":{""code"":""200"",""message"":""Ok""}}]}}","{""metadata"":{""code"":200,""message"":""Ok"",""method"":""idrg_diagnosa_set""},""data"":{""string"":""Z50.8#M54.5"",""expanded"":[{""code"":""Z50.8"",""display"":""Care involving use of other rehabilitation procedures"",""no"":""1"",""validcode"":""1"",""metadata"":{""code"":""200"",""message"":""Ok""}},{""code"":""M54.5"",""display"":""Low back pain"",""no"":""2"",""validcode"":""1"",""metadata"":{""code"":""200"",""message"":""Ok""}}]}}","{""metadata"":{""code"":200,""message"":""Ok"",""method"":""inacbg_diagnosa_set""},""data"":{""string"":""Z50.8#M54.5"",""expanded"":[{""code"":""Z50.8"",""display"":""Care involving use of other rehabilitation procedures"",""no"":""1"",""validcode"":""1"",""metadata"":{""code"":""200"",""message"":""Ok""}},{""code"":""M54.5"",""display"":""Low back pain"",""no"":""2"",""validcode"":""1"",""metadata"":{""code"":""200"",""message"":""Ok""}}]}}"
716711,0,0,186800,149.0,,24,1160220.0,,89.0,112.0,169870,119870,,169870,11.0,0,,Jenis Resiko Jatuh,ESI 3,13.0,,0.0,0,"{""covid19_date"": """", ""covid19_profesi"": """", ""covid19_jenis_pasien"": """", ""covid19_status_rawat"": """", ""covid19_status_keluar"": """", ""covid19_status_isolasi"": """", ""covid19_kewarganegaraan"": """", ""covid19_sebab_penularan"": """"}",66,0,,"[null,null,null,null,null,null,null]",5,1.0,,0.0,1.0,0,0.0,0.0,,0,"[null,null,null,null,null,null,null,null,null,null,null]",2.0,0.0,50000,,"[""0"",""0"",""0"",""0"",""0"",""0""]",L,6.0,0,Q-5-44-0,209627.0,,2,,,,2026-05-21 16:24:09,2026-05-21 19:22:38,,0158U1150226Y001993,0158R0040426K002147,,I64,2026-05-21 00:00:00,"{""metadata"":{""code"":200,""message"":""Ok"",""method"":""idrg_procedure_set""},""data"":{""string"":""89.08"",""expanded"":[{""code"":""89.08"",""display"":""Other consultation"",""multiplicity"":1,""no"":""1"",""validcode"":""1"",""metadata"":{""code"":""200"",""message"":""Ok""}}]}}","{""metadata"":{""code"":200,""message"":""Ok"",""method"":""inacbg_procedure_set""},""data"":{""string"":""89.08"",""expanded"":[{""code"":""89.08"",""display"":""Other consultation"",""no"":""1"",""validcode"":""1"",""metadata"":{""code"":""200"",""message"":""Ok""}}]}}","{""metadata"":{""code"":200,""message"":""Ok"",""method"":""idrg_diagnosa_set""},""data"":{""string"":""Z09.8#I64#G81.9"",""expanded"":[{""code"":""Z09.8"",""display"":""Follow-up exam after other treatment for other conditions"",""no"":""1"",""validcode"":""1"",""metadata"":{""code"":""200"",""message"":""Ok""}},{""code"":""I64"",""display"":""Stroke, not specified as haemorrhage or infarction"",""no"":""2"",""validcode"":""1"",""metadata"":{""code"":""200"",""message"":""Ok""}},{""code"":""G81.9"",""display"":""Hemiplegia, unspecified"",""no"":""3"",""validcode"":""1"",""metadata"":{""code"":""200"",""message"":""Ok""}}]}}","{""metadata"":{""code"":200,""message"":""Ok"",""method"":""inacbg_diagnosa_set""},""data"":{""string"":""Z09.8#I64#G81.9"",""expanded"":[{""code"":""Z09.8"",""display"":""Follow-up exam after other treatment for other conditions"",""no"":""1"",""validcode"":""1"",""metadata"":{""code"":""200"",""message"":""Ok""}},{""code"":""I64"",""display"":""Stroke, not specified as haemorrhage or infarction"",""no"":""2"",""validcode"":""1"",""metadata"":{""code"":""200"",""message"":""Ok""}},{""code"":""G81.9"",""display"":""Hemiplegia, unspecified"",""no"":""3"",""validcode"":""1"",""metadata"":{""code"":""200"",""message"":""Ok""}}]}}"
715448,0,0,127900,,,2,3542120.0,,,,150000,0,,150000,35.0,0,,,,13.0,,,0,"{""covid19_date"": """", ""covid19_profesi"": """", ""covid19_jenis_pasien"": """", ""covid19_status_rawat"": """", ""covid19_status_keluar"": """", ""covid19_status_isolasi"": """", ""covid19_kewarganegaraan"": """", ""covid19_sebab_penularan"": """"}",69,0,14.0,,5,1.0,2.0,,9.0,0,,,,100000,,0.0,,50000,01580904,,L,12.0,0,M-3-16-0,36594.0,1.0,2,,L,Rujuk Internal,2026-05-19 08:27:50,2026-05-19 11:27:47,1970-07-02,015809040426Y002886,0158R0040426K002262,,,2026-05-19 08:27:50,"{""metadata"":{""code"":200,""message"":""Ok"",""method"":""idrg_procedure_set""},""data"":{""string"":""93.39#93.12#89.08"",""expanded"":[{""code"":""93.39"",""display"":""Other physical therapy"",""multiplicity"":1,""no"":""1"",""validcode"":""1"",""metadata"":{""code"":""200"",""message"":""Ok""}},{""code"":""93.12"",""display"":""Other active musculoskeletal exercise"",""multiplicity"":1,""no"":""2"",""validcode"":""1"",""metadata"":{""code"":""200"",""message"":""Ok""}},{""code"":""89.08"",""display"":""Other consultation"",""multiplicity"":1,""no"":""3"",""validcode"":""1"",""metadata"":{""code"":""200"",""message"":""Ok""}}]}}","{""metadata"":{""code"":200,""message"":""Ok"",""method"":""inacbg_procedure_set""},""data"":{""string"":""93.39#93.12#89.08"",""expanded"":[{""code"":""93.39"",""display"":""Other physical therapy"",""no"":""1"",""validcode"":""1"",""metadata"":{""code"":""200"",""message"":""Ok""}},{""code"":""93.12"",""display"":""Other active musculoskeletal exercise"",""no"":""2"",""validcode"":""1"",""metadata"":{""code"":""200"",""message"":""Ok""}},{""code"":""89.08"",""display"":""Other consultation"",""no"":""3"",""validcode"":""1"",""metadata"":{""code"":""200"",""message"":""Ok""}}]}}","{""metadata"":{""code"":200,""message"":""Ok"",""method"":""idrg_diagnosa_set""},""data"":{""string"":""Z50.8#M54.3"",""expanded"":[{""code"":""Z50.8"",""display"":""Care involving use of other rehabilitation procedures"",""no"":""1"",""validcode"":""1"",""metadata"":{""code"":""200"",""message"":""Ok""}},{""code"":""M54.3"",""display"":""Sciatica"",""no"":""2"",""validcode"":""1"",""metadata"":{""code"":""200"",""message"":""Ok""}}]}}","{""metadata"":{""code"":200,""message"":""Ok"",""method"":""inacbg_diagnosa_set""},""data"":{""string"":""Z50.8#M54.3"",""expanded"":[{""code"":""Z50.8"",""display"":""Care involving use of other rehabilitation procedures"",""no"":""1"",""validcode"":""1"",""metadata"":{""code"":""200"",""message"":""Ok""}},{""code"":""M54.3"",""display"":""Sciatica"",""no"":""2"",""validcode"":""1"",""metadata"":{""code"":""200"",""message"":""Ok""}}]}}"
715338,0,0,127900,,,13,3542120.0,,,,150000,0,,150000,35.0,0,,,,13.0,,,0,"{""covid19_date"": """", ""covid19_profesi"": """", ""covid19_jenis_pasien"": """", ""covid19_status_rawat"": """", ""covid19_status_keluar"": """", ""covid19_status_isolasi"": """", ""covid19_kewarganegaraan"": """", ""covid19_sebab_penularan"": """"}",69,0,13.0,,5,1.0,2.0,,9.0,0,,,,100000,,0.0,,50000,0158B075,,L,12.0,0,M-3-16-0,36594.0,2.0,2,,L,Rujuk Internal,2026-05-19 07:23:52,2026-05-19 11:25:01,1970-01-11,0158B0750326Y000324,0158R0040526K000538,,,2026-05-19 07:23:52,"{""metadata"":{""code"":200,""message"":""Ok"",""method"":""idrg_procedure_set""},""data"":{""string"":""93.34#93.12#89.08"",""expanded"":[{""code"":""93.34"",""display"":""Diathermy"",""multiplicity"":1,""no"":""1"",""validcode"":""1"",""metadata"":{""code"":""200"",""message"":""Ok""}},{""code"":""93.12"",""display"":""Other active musculoskeletal exercise"",""multiplicity"":1,""no"":""2"",""validcode"":""1"",""metadata"":{""code"":""200"",""message"":""Ok""}},{""code"":""89.08"",""display"":""Other consultation"",""multiplicity"":1,""no"":""3"",""validcode"":""1"",""metadata"":{""code"":""200"",""message"":""Ok""}}]}}","{""metadata"":{""code"":200,""message"":""Ok"",""method"":""inacbg_procedure_set""},""data"":{""string"":""93.34#93.12#89.08"",""expanded"":[{""code"":""93.34"",""display"":""Diathermy"",""no"":""1"",""validcode"":""1"",""metadata"":{""code"":""200"",""message"":""Ok""}},{""code"":""93.12"",""display"":""Other active musculoskeletal exercise"",""no"":""2"",""validcode"":""1"",""metadata"":{""code"":""200"",""message"":""Ok""}},{""code"":""89.08"",""display"":""Other consultation"",""no"":""3"",""validcode"":""1"",""metadata"":{""code"":""200"",""message"":""Ok""}}]}}","{""metadata"":{""code"":200,""message"":""Ok"",""method"":""idrg_diagnosa_set""},""data"":{""string"":""Z50.8#M17.9"",""expanded"":[{""code"":""Z50.8"",""display"":""Care involving use of other rehabilitation procedures"",""no"":""1"",""validcode"":""1"",""metadata"":{""code"":""200"",""message"":""Ok""}},{""code"":""M17.9"",""display"":""Gonarthrosis, unspecified"",""no"":""2"",""validcode"":""1"",""metadata"":{""code"":""200"",""message"":""Ok""}}]}}","{""metadata"":{""code"":200,""message"":""Ok"",""method"":""inacbg_diagnosa_set""},""data"":{""string"":""Z50.8#M17.9"",""expanded"":[{""code"":""Z50.8"",""display"":""Care involving use of other rehabilitation procedures"",""no"":""1"",""validcode"":""1"",""metadata"":{""code"":""200"",""message"":""Ok""}},{""code"":""M17.9"",""display"":""Gonarthrosis, unspecified"",""no"":""2"",""validcode"":""1"",""metadata"":{""code"":""200"",""message"":""Ok""}}]}}"
714611,0,62500,186800,120.0,37.0,13,1261220.0,20.0,88.0,80.0,141263,28763,,141263,12.0,0,,Jenis Resiko Jatuh,ESI 5,13.0,,0.0,0,"{""covid19_date"": """", ""covid19_profesi"": """", ""covid19_jenis_pasien"": """", ""covid19_status_rawat"": """", ""covid19_status_keluar"": """", ""covid19_status_isolasi"": """", ""covid19_kewarganegaraan"": """", ""covid19_sebab_penularan"": """"}",60,0,14.0,"[null,null,null,null,null,null,null]",5,1.0,3.0,0.0,,0,,0.0,-,0,"[null,null,null,null,null,null,null,null,null,null,null]",2.0,0.0,50000,01580902,"[""0"",""0"",""0"",""0"",""0"",""0""]",L,12.0,0,Q-5-44-0,36304.0,1.0,8,"{""sirs"": ""0"", ""perilaku"": ""Rapi"", ""penampilan"": ""Kooperatif"", ""suasana_hati"": ""Tenang"", ""hubungan_orla"": ""Baik"", ""orang_terdekat"": ""Anak"", ""mekanisme_kopig"": ""Adaptif""}",P,Kontrol,2026-05-16 09:11:42,2026-05-16 10:39:18,1983-05-05,015809020526Y000260,0158R0040526K000555,0158R0040526K001614,,2026-05-16 09:11:42,"{""metadata"":{""code"":200,""message"":""Ok"",""method"":""idrg_procedure_set""},""data"":{""string"":""95.01#89.08"",""expanded"":[{""code"":""95.01"",""display"":""Limited eye examination"",""multiplicity"":1,""no"":""1"",""validcode"":""1"",""metadata"":{""code"":""200"",""message"":""Ok""}},{""code"":""89.08"",""display"":""Other consultation"",""multiplicity"":1,""no"":""2"",""validcode"":""1"",""metadata"":{""code"":""200"",""message"":""Ok""}}]}}","{""metadata"":{""code"":200,""message"":""Ok"",""method"":""inacbg_procedure_set""},""data"":{""string"":""95.01#89.08"",""expanded"":[{""code"":""95.01"",""display"":""Limited eye examination"",""no"":""1"",""validcode"":""1"",""metadata"":{""code"":""200"",""message"":""Ok""}},{""code"":""89.08"",""display"":""Other consultation"",""no"":""2"",""validcode"":""1"",""metadata"":{""code"":""200"",""message"":""Ok""}}]}}","{""metadata"":{""code"":200,""message"":""Ok"",""method"":""idrg_diagnosa_set""},""data"":{""string"":""Z09.8#H16.2"",""expanded"":[{""code"":""Z09.8"",""display"":""Follow-up exam after other treatment for other conditions"",""no"":""1"",""validcode"":""1"",""metadata"":{""code"":""200"",""message"":""Ok""}},{""code"":""H16.2"",""display"":""Keratoconjunctivitis"",""no"":""2"",""validcode"":""1"",""metadata"":{""code"":""200"",""message"":""Ok""}}]}}","{""metadata"":{""code"":200,""message"":""Ok"",""method"":""inacbg_diagnosa_set""},""data"":{""string"":""Z09.8#H16.2"",""expanded"":[{""code"":""Z09.8"",""display"":""Follow-up exam after other treatment for other conditions"",""no"":""1"",""validcode"":""1"",""metadata"":{""code"":""200"",""message"":""Ok""}},{""code"":""H16.2"",""display"":""Keratoconjunctivitis"",""no"":""2"",""validcode"":""1"",""metadata"":{""code"":""200"",""message"":""Ok""}}]}}"
713330,0,0,127900,,,2,3542120.0,,,,100000,0,,100000,35.0,0,,,,2.0,,,0,"{""covid19_date"": """", ""covid19_profesi"": """", ""covid19_jenis_pasien"": """", ""covid19_status_rawat"": """", ""covid19_status_keluar"": """", ""covid19_status_isolasi"": """", ""covid19_kewarganegaraan"": """", ""covid19_sebab_penularan"": """"}",69,0,14.0,,2,1.0,3.0,,6.0,0,,,,100000,,0.0,,0,01580907,,L,1.0,0,M-3-16-0,,1.0,4,,L,Rujuk Internal,2026-05-12 07:54:15,2026-05-12 09:55:35,1959-07-12,015809070226Y000341,,,,2026-05-12 07:54:15,"{""metadata"":{""code"":200,""message"":""Ok"",""method"":""idrg_procedure_set""},""data"":{""string"":""93.12#93.39#89.08"",""expanded"":[{""code"":""93.12"",""display"":""Other active musculoskeletal exercise"",""multiplicity"":1,""no"":""1"",""validcode"":""1"",""metadata"":{""code"":""200"",""message"":""Ok""}},{""code"":""93.39"",""display"":""Other physical therapy"",""multiplicity"":1,""no"":""2"",""validcode"":""1"",""metadata"":{""code"":""200"",""message"":""Ok""}},{""code"":""89.08"",""display"":""Other consultation"",""multiplicity"":1,""no"":""3"",""validcode"":""1"",""metadata"":{""code"":""200"",""message"":""Ok""}}]}}","{""metadata"":{""code"":200,""message"":""Ok"",""method"":""inacbg_procedure_set""},""data"":{""string"":""93.12#93.39#89.08"",""expanded"":[{""code"":""93.12"",""display"":""Other active musculoskeletal exercise"",""no"":""1"",""validcode"":""1"",""metadata"":{""code"":""200"",""message"":""Ok""}},{""code"":""93.39"",""display"":""Other physical therapy"",""no"":""2"",""validcode"":""1"",""metadata"":{""code"":""200"",""message"":""Ok""}},{""code"":""89.08"",""display"":""Other consultation"",""no"":""3"",""validcode"":""1"",""metadata"":{""code"":""200"",""message"":""Ok""}}]}}","{""metadata"":{""code"":200,""message"":""Ok"",""method"":""idrg_diagnosa_set""},""data"":{""string"":""Z50.8#M54.3"",""expanded"":[{""code"":""Z50.8"",""display"":""Care involving use of other rehabilitation procedures"",""no"":""1"",""validcode"":""1"",""metadata"":{""code"":""200"",""message"":""Ok""}},{""code"":""M54.3"",""display"":""Sciatica"",""no"":""2"",""validcode"":""1"",""metadata"":{""code"":""200"",""message"":""Ok""}}]}}","{""metadata"":{""code"":200,""message"":""Ok"",""method"":""inacbg_diagnosa_set""},""data"":{""string"":""Z50.8#M54.3"",""expanded"":[{""code"":""Z50.8"",""display"":""Care involving use of other rehabilitation procedures"",""no"":""1"",""validcode"":""1"",""metadata"":{""code"":""200"",""message"":""Ok""}},{""code"":""M54.3"",""display"":""Sciatica"",""no"":""2"",""validcode"":""1"",""metadata"":{""code"":""200"",""message"":""Ok""}}]}}"
712861,0,0,186800,108.0,,14,2060220.0,,75.0,67.0,93285,43285,,93285,20.0,0,,Jenis Resiko Jatuh,ESI 4,13.0,,0.0,0,"{""covid19_date"": """", ""covid19_profesi"": """", ""covid19_jenis_pasien"": """", ""covid19_status_rawat"": """", ""covid19_status_keluar"": """", ""covid19_status_isolasi"": """", ""covid19_kewarganegaraan"": """", ""covid19_sebab_penularan"": """"}",79,0,21.0,"[null,null,null,null,null,null,null]",5,1.0,3.0,0.0,,0,,0.0,-,0,"[null,null,null,null,null,null,null,null,null,null,null]",2.0,0.0,50000,01580905,"[""0"",""0"",""0"",""0"",""0"",""0""]",L,12.0,0,Q-5-44-0,427454.0,3.0,4,,P,Kontrol,2026-05-11 08:02:49,2026-05-11 09:02:59,1974-10-15,015809050326Y001171,0158R0040426K000504,0158R0040526K001018,,2026-05-11 08:02:49,"{""metadata"":{""code"":200,""message"":""Ok"",""method"":""idrg_procedure_set""},""data"":{""string"":""89.08"",""expanded"":[{""code"":""89.08"",""display"":""Other consultation"",""multiplicity"":1,""no"":""1"",""validcode"":""1"",""metadata"":{""code"":""200"",""message"":""Ok""}}]}}","{""metadata"":{""code"":200,""message"":""Ok"",""method"":""inacbg_procedure_set""},""data"":{""string"":""89.08"",""expanded"":[{""code"":""89.08"",""display"":""Other consultation"",""no"":""1"",""validcode"":""1"",""metadata"":{""code"":""200"",""message"":""Ok""}}]}}","{""metadata"":{""code"":200,""message"":""Ok"",""method"":""idrg_diagnosa_set""},""data"":{""string"":""Z09.8#E05.9"",""expanded"":[{""code"":""Z09.8"",""display"":""Follow-up exam after other treatment for other conditions"",""no"":""1"",""validcode"":""1"",""metadata"":{""code"":""200"",""message"":""Ok""}},{""code"":""E05.9"",""display"":""Thyrotoxicosis, unspecified"",""no"":""2"",""validcode"":""1"",""metadata"":{""code"":""200"",""message"":""Ok""}}]}}","{""metadata"":{""code"":200,""message"":""Ok"",""method"":""inacbg_diagnosa_set""},""data"":{""string"":""Z09.8#E05.9"",""expanded"":[{""code"":""Z09.8"",""display"":""Follow-up exam after other treatment for other conditions"",""no"":""1"",""validcode"":""1"",""metadata"":{""code"":""200"",""message"":""Ok""}},{""code"":""E05.9"",""display"":""Thyrotoxicosis, unspecified"",""no"":""2"",""validcode"":""1"",""metadata"":{""code"":""200"",""message"":""Ok""}}]}}"
712831,0,62500,186800,,37.0,1,1261220.0,20.0,90.0,,112500,0,,137366,12.0,0,,Jenis Resiko Jatuh,ESI 5,13.0,,0.0,0,"{""covid19_date"": """", ""covid19_profesi"": """", ""covid19_jenis_pasien"": """", ""covid19_status_rawat"": """", ""covid19_status_keluar"": """", ""covid19_status_isolasi"": """", ""covid19_kewarganegaraan"": """", ""covid19_sebab_penularan"": """"}",60,0,21.0,"[null,null,null,null,null,null,null]",5,1.0,3.0,0.0,,0,,0.0,-,0,"[null,null,null,null,null,null,null,null,null,null,null]",2.0,0.0,50000,01580904,"[""0"",""0"",""0"",""0"",""0"",""0""]",L,13.0,0,Q-5-44-0,36304.0,1.0,2,"{""sirs"": ""0"", ""perilaku"": ""Rapi"", ""penampilan"": ""Kooperatif"", ""suasana_hati"": ""Tenang"", ""hubungan_orla"": ""Baik"", ""orang_terdekat"": ""Anak"", ""mekanisme_kopig"": ""Adaptif""}",P,Kontrol,2026-05-11 07:44:05,2026-05-11 10:12:42,2016-04-01,015809040426Y007071,0158R0040426K003202,,,2026-05-11 07:44:05,"{""metadata"":{""code"":200,""message"":""Ok"",""method"":""idrg_procedure_set""},""data"":{""string"":""95.01#89.08"",""expanded"":[{""code"":""95.01"",""display"":""Limited eye examination"",""multiplicity"":1,""no"":""1"",""validcode"":""1"",""metadata"":{""code"":""200"",""message"":""Ok""}},{""code"":""89.08"",""display"":""Other consultation"",""multiplicity"":1,""no"":""2"",""validcode"":""1"",""metadata"":{""code"":""200"",""message"":""Ok""}}]}}","{""metadata"":{""code"":200,""message"":""Ok"",""method"":""inacbg_procedure_set""},""data"":{""string"":""95.01#89.08"",""expanded"":[{""code"":""95.01"",""display"":""Limited eye examination"",""no"":""1"",""validcode"":""1"",""metadata"":{""code"":""200"",""message"":""Ok""}},{""code"":""89.08"",""display"":""Other consultation"",""no"":""2"",""validcode"":""1"",""metadata"":{""code"":""200"",""message"":""Ok""}}]}}","{""metadata"":{""code"":200,""message"":""Ok"",""method"":""idrg_diagnosa_set""},""data"":{""string"":""Z09.8#H53.1"",""expanded"":[{""code"":""Z09.8"",""display"":""Follow-up exam after other treatment for other conditions"",""no"":""1"",""validcode"":""1"",""metadata"":{""code"":""200"",""message"":""Ok""}},{""code"":""H53.1"",""display"":""Subjective visual disturbances"",""no"":""2"",""validcode"":""1"",""metadata"":{""code"":""200"",""message"":""Ok""}}]}}","{""metadata"":{""code"":200,""message"":""Ok"",""method"":""inacbg_diagnosa_set""},""data"":{""string"":""Z09.8#H53.1"",""expanded"":[{""code"":""Z09.8"",""display"":""Follow-up exam after other treatment for other conditions"",""no"":""1"",""validcode"":""1"",""metadata"":{""code"":""200"",""message"":""Ok""}},{""code"":""H53.1"",""display"":""Subjective visual disturbances"",""no"":""2"",""validcode"":""1"",""metadata"":{""code"":""200"",""message"":""Ok""}}]}}"
711114,0,0,186800,111.0,36.6,2,1160220.0,20.0,75.0,73.0,199830,149830,,199830,11.0,0,,Jenis Resiko Jatuh,ESI 5,13.0,,,0,"{""covid19_date"": """", ""covid19_profesi"": """", ""covid19_jenis_pasien"": """", ""covid19_status_rawat"": """", ""covid19_status_keluar"": """", ""covid19_status_isolasi"": """", ""covid19_kewarganegaraan"": """", ""covid19_sebab_penularan"": """"}",66,0,,"[null,null,null,null,null,null,null]",5,1.0,,0.0,,0,,,-,0,"[null,null,null,null,null,null,null,null,null,null,null]",2.0,0.0,50000,,"[""0"",""0"",""0"",""0"",""0"",""0""]",L,12.0,0,Q-5-44-0,209627.0,,99,"{""sirs"": ""0"", ""perilaku"": ""Rapi"", ""penampilan"": ""Kooperatif"", ""suasana_hati"": ""Tenang"", ""hubungan_orla"": ""Baik"", ""orang_terdekat"": ""Anak"", ""mekanisme_kopig"": ""Adaptif""}",,,2026-05-05 15:02:04,2026-05-05 16:24:26,,015809020326Y002127,0158R0040426K000248,0158R0040526K000446,I64,2026-05-05 00:00:00,"{""metadata"":{""code"":200,""message"":""Ok"",""method"":""idrg_procedure_set""},""data"":{""string"":""89.08"",""expanded"":[{""code"":""89.08"",""display"":""Other consultation"",""multiplicity"":1,""no"":""1"",""validcode"":""1"",""metadata"":{""code"":""200"",""message"":""Ok""}}]}}","{""metadata"":{""code"":200,""message"":""Ok"",""method"":""inacbg_procedure_set""},""data"":{""string"":""89.08"",""expanded"":[{""code"":""89.08"",""display"":""Other consultation"",""no"":""1"",""validcode"":""1"",""metadata"":{""code"":""200"",""message"":""Ok""}}]}}","{""metadata"":{""code"":200,""message"":""Ok"",""method"":""idrg_diagnosa_set""},""data"":{""string"":""Z09.8#I64#M54.5"",""expanded"":[{""code"":""Z09.8"",""display"":""Follow-up exam after other treatment for other conditions"",""no"":""1"",""validcode"":""1"",""metadata"":{""code"":""200"",""message"":""Ok""}},{""code"":""I64"",""display"":""Stroke, not specified as haemorrhage or infarction"",""no"":""2"",""validcode"":""1"",""metadata"":{""code"":""200"",""message"":""Ok""}},{""code"":""M54.5"",""display"":""Low back pain"",""no"":""3"",""validcode"":""1"",""metadata"":{""code"":""200"",""message"":""Ok""}}]}}","{""metadata"":{""code"":200,""message"":""Ok"",""method"":""inacbg_diagnosa_set""},""data"":{""string"":""Z09.8#I64#M54.5"",""expanded"":[{""code"":""Z09.8"",""display"":""Follow-up exam after other treatment for other conditions"",""no"":""1"",""validcode"":""1"",""metadata"":{""code"":""200"",""message"":""Ok""}},{""code"":""I64"",""display"":""Stroke, not specified as haemorrhage or infarction"",""no"":""2"",""validcode"":""1"",""metadata"":{""code"":""200"",""message"":""Ok""}},{""code"":""M54.5"",""display"":""Low back pain"",""no"":""3"",""validcode"":""1"",""metadata"":{""code"":""200"",""message"":""Ok""}}]}}"
710392,0,120000,308300,136.0,37.0,14,2461120.0,22.0,125.0,91.0,170000,0,94.0,273602,24.0,0,98.0,Jenis Resiko Jatuh,ESI 3,,3.0,0.0,0,"{""covid19_date"": """", ""covid19_profesi"": """", ""covid19_jenis_pasien"": """", ""covid19_status_rawat"": """", ""covid19_status_keluar"": """", ""covid19_status_isolasi"": """", ""covid19_kewarganegaraan"": """", ""covid19_sebab_penularan"": """"}",28,0,,"[null,null,null,null,null,null,null]",6,2.0,,0.0,9.0,0,,0.0,,0,"[null,null,null,null,null,null,null,null,null,null,null]",0.0,0.0,50000,,"[""0"",""0"",""0"",""0"",""0"",""0""]",L,1.0,0,Z-3-25-0,33927.0,,4,"{""sirs"": ""0"", ""perilaku"": ""Rapi"", ""penampilan"": ""Kooperatif"", ""suasana_hati"": ""Tenang"", ""hubungan_orla"": ""Baik"", ""orang_terdekat"": ""Suami/Istri"", ""mekanisme_kopig"": ""Adaptif""}",,,2026-05-04 09:29:41,2026-05-04 11:45:32,,0158R0040426V003953,0158R0040426K002821,,Z09.9,2026-05-04 00:00:00,"{""metadata"":{""code"":200,""message"":""Ok"",""method"":""idrg_procedure_set""},""data"":{""string"":""88.78#89.08"",""expanded"":[{""code"":""88.78"",""display"":""Diagnostic ultrasound of gravid uterus"",""multiplicity"":1,""no"":""1"",""validcode"":""1"",""metadata"":{""code"":""200"",""message"":""Ok""}},{""code"":""89.08"",""display"":""Other consultation"",""multiplicity"":1,""no"":""2"",""validcode"":""1"",""metadata"":{""code"":""200"",""message"":""Ok""}}]}}","{""metadata"":{""code"":200,""message"":""Ok"",""method"":""inacbg_procedure_set""},""data"":{""string"":""88.78#89.08"",""expanded"":[{""code"":""88.78"",""display"":""Diagnostic ultrasound of gravid uterus"",""no"":""1"",""validcode"":""1"",""metadata"":{""code"":""200"",""message"":""Ok""}},{""code"":""89.08"",""display"":""Other consultation"",""no"":""2"",""validcode"":""1"",""metadata"":{""code"":""200"",""message"":""Ok""}}]}}","{""metadata"":{""code"":200,""message"":""Ok"",""method"":""idrg_diagnosa_set""},""data"":{""string"":""Z35.8#O20.9"",""expanded"":[{""code"":""Z35.8"",""display"":""Supervision of other high-risk pregnancies"",""no"":""1"",""validcode"":""1"",""metadata"":{""code"":""200"",""message"":""Ok""}},{""code"":""O20.9"",""display"":""Haemorrhage in early pregnancy, unspecified"",""no"":""2"",""validcode"":""1"",""metadata"":{""code"":""200"",""message"":""Ok""}}]}}","{""metadata"":{""code"":200,""message"":""Ok"",""method"":""inacbg_diagnosa_set""},""data"":{""string"":""Z35.8#O20.9"",""expanded"":[{""code"":""Z35.8"",""display"":""Supervision of other high-risk pregnancies"",""no"":""1"",""validcode"":""1"",""metadata"":{""code"":""200"",""message"":""Ok""}},{""code"":""O20.9"",""display"":""Haemorrhage in early pregnancy, unspecified"",""no"":""2"",""validcode"":""1"",""metadata"":{""code"":""200"",""message"":""Ok""}}]}}"
710355,0,0,186800,126.0,37.0,13,1560220.0,20.0,101.0,72.0,108604,58604,34.0,108604,15.0,0,99.0,Jenis Resiko Jatuh,ESI 5,13.0,,0.0,0,"{""covid19_date"": """", ""covid19_profesi"": """", ""covid19_jenis_pasien"": """", ""covid19_status_rawat"": """", ""covid19_status_keluar"": """", ""covid19_status_isolasi"": """", ""covid19_kewarganegaraan"": """", ""covid19_sebab_penularan"": """"}",89,0,14.0,"[null,null,null,null,null,null,null]",5,1.0,3.0,0.0,,0,,0.0,,0,"[null,null,null,null,null,null,null,null,null,null,null]",2.0,0.0,50000,0158U119,"[""0"",""0"",""0"",""0"",""0"",""0""]",L,6.0,0,Q-5-44-0,602344.0,3.0,3,"{""sirs"": ""0"", ""perilaku"": ""Rapi"", ""penampilan"": ""Kooperatif"", ""suasana_hati"": ""Tenang"", ""hubungan_orla"": ""Baik"", ""mekanisme_kopig"": ""Adaptif""}",P,Kontrol,2026-05-04 09:02:02,2026-05-04 10:08:06,1959-01-21,0158U1190226P000113,0158R0040326K002659,,,2026-05-04 09:02:02,"{""metadata"":{""code"":200,""message"":""Ok"",""method"":""idrg_procedure_set""},""data"":{""string"":""89.08"",""expanded"":[{""code"":""89.08"",""display"":""Other consultation"",""multiplicity"":1,""no"":""1"",""validcode"":""1"",""metadata"":{""code"":""200"",""message"":""Ok""}}]}}","{""metadata"":{""code"":200,""message"":""Ok"",""method"":""inacbg_procedure_set""},""data"":{""string"":""89.08"",""expanded"":[{""code"":""89.08"",""display"":""Other consultation"",""no"":""1"",""validcode"":""1"",""metadata"":{""code"":""200"",""message"":""Ok""}}]}}","{""metadata"":{""code"":200,""message"":""Ok"",""method"":""idrg_diagnosa_set""},""data"":{""string"":""Z09.8#I50.0#I27.8#J40#B90.9"",""expanded"":[{""code"":""Z09.8"",""display"":""Follow-up exam after other treatment for other conditions"",""no"":""1"",""validcode"":""1"",""metadata"":{""code"":""200"",""message"":""Ok""}},{""code"":""I50.0"",""display"":""Congestive heart failure"",""no"":""2"",""validcode"":""1"",""metadata"":{""code"":""200"",""message"":""Ok""}},{""code"":""I27.8"",""display"":""Other specified pulmonary heart diseases"",""no"":""3"",""validcode"":""1"",""metadata"":{""code"":""200"",""message"":""Ok""}},{""code"":""J40"",""display"":""Bronchitis, not specified as acute or chronic"",""no"":""4"",""validcode"":""1"",""metadata"":{""code"":""200"",""message"":""Ok""}},{""code"":""B90.9"",""display"":""Sequelae of respiratory and unspecified tuberculosis"",""no"":""5"",""validcode"":""1"",""metadata"":{""code"":""200"",""message"":""Ok""}}]}}","{""metadata"":{""code"":200,""message"":""Ok"",""method"":""inacbg_diagnosa_set""},""data"":{""string"":""Z09.8#I50.0#I27.8#J40#B90.9"",""expanded"":[{""code"":""Z09.8"",""display"":""Follow-up exam after other treatment for other conditions"",""no"":""1"",""validcode"":""1"",""metadata"":{""code"":""200"",""message"":""Ok""}},{""code"":""I50.0"",""display"":""Congestive heart failure"",""no"":""2"",""validcode"":""1"",""metadata"":{""code"":""200"",""message"":""Ok""}},{""code"":""I27.8"",""display"":""Other specified pulmonary heart diseases"",""no"":""3"",""validcode"":""1"",""metadata"":{""code"":""200"",""message"":""Ok""}},{""code"":""J40"",""display"":""Bronchitis, not specified as acute or chronic"",""no"":""4"",""validcode"":""1"",""metadata"":{""code"":""200"",""message"":""Ok""}},{""code"":""B90.9"",""display"":""Sequelae of respiratory and unspecified tuberculosis"",""no"":""5"",""validcode"":""1"",""metadata"":{""code"":""200"",""message"":""Ok""}}]}}"
710351,0,0,186800,,37.0,1,1361220.0,21.0,100.0,,130977,80977,13.0,130977,13.0,0,99.0,Jenis Resiko Jatuh,ESI 3,,,0.0,0,"{""covid19_date"": """", ""covid19_profesi"": """", ""covid19_jenis_pasien"": """", ""covid19_status_rawat"": """", ""covid19_status_keluar"": """", ""covid19_status_isolasi"": """", ""covid19_kewarganegaraan"": """", ""covid19_sebab_penularan"": """"}",61,0,10.0,"[null,null,null,null,null,null,null]",6,1.0,2.0,0.0,2.0,0,,0.0,-,0,"[null,null,null,null,null,null,null,null,null,null,null]",0.0,0.0,50000,0158B056,"[""0"",""0"",""0"",""0"",""0"",""0""]",L,6.0,0,Q-5-44-0,348866.0,4.0,99,"{""sirs"": ""0"", ""perilaku"": ""Rapi"", ""penampilan"": ""Kooperatif"", ""suasana_hati"": ""Tenang"", ""hubungan_orla"": ""Baik"", ""orang_terdekat"": ""Orang Tua"", ""mekanisme_kopig"": ""Adaptif""}",L,Kontrol Pasca Rawat Inap,2026-05-04 08:59:45,2026-05-04 10:00:32,2024-03-29,,0158R0040426K002700,,Z09.9,2026-05-04 08:59:45,"{""metadata"":{""code"":200,""message"":""Ok"",""method"":""idrg_procedure_set""},""data"":{""string"":""89.08"",""expanded"":[{""code"":""89.08"",""display"":""Other consultation"",""multiplicity"":1,""no"":""1"",""validcode"":""1"",""metadata"":{""code"":""200"",""message"":""Ok""}}]}}","{""metadata"":{""code"":200,""message"":""Ok"",""method"":""inacbg_procedure_set""},""data"":{""string"":""89.08"",""expanded"":[{""code"":""89.08"",""display"":""Other consultation"",""no"":""1"",""validcode"":""1"",""metadata"":{""code"":""200"",""message"":""Ok""}}]}}","{""metadata"":{""code"":200,""message"":""Ok"",""method"":""idrg_diagnosa_set""},""data"":{""string"":""Z09.8#J06.9#A09.0"",""expanded"":[{""code"":""Z09.8"",""display"":""Follow-up exam after other treatment for other conditions"",""no"":""1"",""validcode"":""1"",""metadata"":{""code"":""200"",""message"":""Ok""}},{""code"":""J06.9"",""display"":""Acute upper respiratory infection, unspecified"",""no"":""2"",""validcode"":""1"",""metadata"":{""code"":""200"",""message"":""Ok""}},{""code"":""A09.0"",""display"":""Other and unspecified gastroenteritis and colitis of infectious origin"",""no"":""3"",""validcode"":""1"",""metadata"":{""code"":""200"",""message"":""Ok""}}]}}","{""metadata"":{""code"":200,""message"":""Ok"",""method"":""inacbg_diagnosa_set""},""data"":{""string"":""Z09.8#J06.9#A09.0"",""expanded"":[{""code"":""Z09.8"",""display"":""Follow-up exam after other treatment for other conditions"",""no"":""1"",""validcode"":""1"",""metadata"":{""code"":""200"",""message"":""Ok""}},{""code"":""J06.9"",""display"":""Acute upper respiratory infection, unspecified"",""no"":""2"",""validcode"":""1"",""metadata"":{""code"":""200"",""message"":""Ok""}},{""code"":""A09.0"",""display"":""Other and unspecified gastroenteritis and colitis of infectious origin"",""no"":""3"",""validcode"":""1"",""metadata"":{""code"":""200"",""message"":""Ok""}}]}}"
710211,0,0,833300,150.0,37.0,5,2112120.0,20.0,80.0,90.0,810887,810887,72.0,810887,21.0,0,98.0,morse,,13.0,2.0,0.0,0,"{""covid19_date"": """", ""covid19_profesi"": """", ""covid19_jenis_pasien"": """", ""covid19_status_rawat"": """", ""covid19_status_keluar"": """", ""covid19_status_isolasi"": """", ""covid19_kewarganegaraan"": """", ""covid19_sebab_penularan"": """"}",90,0,,"[null,null,null,null,null,null,null]",5,2.0,,0.0,6.0,0,55.0,0.0,,0,"[null,null,null,null,null,null,null,null,null,null,null]",2.0,0.0,0,,"[""0"",""0"",""30"",""0"",""10"",""15""]",L,1.0,0,N-3-15-0,,,6,,,,2026-05-04 07:27:02,2026-05-04 09:44:57,,0158U0090326Y000290,0158R0040426K003154,,N18.5,2026-05-04 00:00:00,"{""metadata"":{""code"":200,""message"":""Ok"",""method"":""idrg_procedure_set""},""data"":{""string"":""39.95#89.08"",""expanded"":[{""code"":""39.95"",""display"":""Hemodialysis"",""multiplicity"":1,""no"":""1"",""validcode"":""1"",""metadata"":{""code"":""200"",""message"":""Ok""}},{""code"":""89.08"",""display"":""Other consultation"",""multiplicity"":1,""no"":""2"",""validcode"":""1"",""metadata"":{""code"":""200"",""message"":""Ok""}}]}}","{""metadata"":{""code"":200,""message"":""Ok"",""method"":""inacbg_procedure_set""},""data"":{""string"":""39.95#89.08"",""expanded"":[{""code"":""39.95"",""display"":""Hemodialysis"",""no"":""1"",""validcode"":""1"",""metadata"":{""code"":""200"",""message"":""Ok""}},{""code"":""89.08"",""display"":""Other consultation"",""no"":""2"",""validcode"":""1"",""metadata"":{""code"":""200"",""message"":""Ok""}}]}}","{""metadata"":{""code"":200,""message"":""Ok"",""method"":""idrg_diagnosa_set""},""data"":{""string"":""Z49.1#N18.5"",""expanded"":[{""code"":""Z49.1"",""display"":""Extracorporeal dialysis"",""no"":""1"",""validcode"":""1"",""metadata"":{""code"":""200"",""message"":""Ok""}},{""code"":""N18.5"",""display"":""Chronic kidney disease, stage 5"",""no"":""2"",""validcode"":""1"",""metadata"":{""code"":""200"",""message"":""Ok""}}]}}","{""metadata"":{""code"":200,""message"":""Ok"",""method"":""inacbg_diagnosa_set""},""data"":{""string"":""Z49.1#N18.5"",""expanded"":[{""code"":""Z49.1"",""display"":""Extracorporeal dialysis"",""no"":""1"",""validcode"":""1"",""metadata"":{""code"":""200"",""message"":""Ok""}},{""code"":""N18.5"",""display"":""Chronic kidney disease, stage 5"",""no"":""2"",""validcode"":""1"",""metadata"":{""code"":""200"",""message"":""Ok""}}]}}"
710204,0,0,186800,128.0,37.0,1,1560220.0,18.0,60.0,71.0,50000,0,54.0,245450,15.0,0,100.0,Jenis Resiko Jatuh,ESI 5,2.0,5.0,,0,"{""covid19_date"": """", ""covid19_profesi"": """", ""covid19_jenis_pasien"": """", ""covid19_status_rawat"": """", ""covid19_status_keluar"": """", ""covid19_status_isolasi"": """", ""covid19_kewarganegaraan"": """", ""covid19_sebab_penularan"": """"}",89,0,21.0,"[null,null,null,null,null,null,null]",2,1.0,3.0,0.0,7.0,0,,,,0,"[null,null,null,null,null,null,null,null,null,null,null]",0.0,0.0,50000,01580905,"[""0"",""0"",""0"",""0"",""0"",""0""]",L,12.0,0,Q-5-44-0,,1.0,4,"{""sirs"": ""0"", ""perilaku"": ""Rapi"", ""penampilan"": ""Kooperatif"", ""suasana_hati"": ""Tenang"", ""hubungan_orla"": ""Baik"", ""orang_terdekat"": ""Anak"", ""mekanisme_kopig"": ""Adaptif""}",L,Rujukan Baru,2026-05-04 07:22:57,2026-05-04 10:10:59,1955-05-20,015809050426Y000589,,0158R0040526K000159,,2026-05-04 07:22:57,"{""metadata"":{""code"":200,""message"":""Ok"",""method"":""idrg_procedure_set""},""data"":{""string"":""89.08"",""expanded"":[{""code"":""89.08"",""display"":""Other consultation"",""multiplicity"":1,""no"":""1"",""validcode"":""1"",""metadata"":{""code"":""200"",""message"":""Ok""}}]}}","{""metadata"":{""code"":200,""message"":""Ok"",""method"":""inacbg_procedure_set""},""data"":{""string"":""89.08"",""expanded"":[{""code"":""89.08"",""display"":""Other consultation"",""no"":""1"",""validcode"":""1"",""metadata"":{""code"":""200"",""message"":""Ok""}}]}}","{""metadata"":{""code"":200,""message"":""Ok"",""method"":""idrg_diagnosa_set""},""data"":{""string"":""Z09.8#I50.9#I25.1#I25.9"",""expanded"":[{""code"":""Z09.8"",""display"":""Follow-up exam after other treatment for other conditions"",""no"":""1"",""validcode"":""1"",""metadata"":{""code"":""200"",""message"":""Ok""}},{""code"":""I50.9"",""display"":""Heart failure, unspecified"",""no"":""2"",""validcode"":""1"",""metadata"":{""code"":""200"",""message"":""Ok""}},{""code"":""I25.1"",""display"":""Atherosclerotic heart disease"",""no"":""3"",""validcode"":""1"",""metadata"":{""code"":""200"",""message"":""Ok""}},{""code"":""I25.9"",""display"":""Chronic ischaemic heart disease, unspecified"",""no"":""4"",""validcode"":""1"",""metadata"":{""code"":""200"",""message"":""Ok""}}]}}","{""metadata"":{""code"":200,""message"":""Ok"",""method"":""inacbg_diagnosa_set""},""data"":{""string"":""Z09.8#I50.9#I25.1#I25.9"",""expanded"":[{""code"":""Z09.8"",""display"":""Follow-up exam after other treatment for other conditions"",""no"":""1"",""validcode"":""1"",""metadata"":{""code"":""200"",""message"":""Ok""}},{""code"":""I50.9"",""display"":""Heart failure, unspecified"",""no"":""2"",""validcode"":""1"",""metadata"":{""code"":""200"",""message"":""Ok""}},{""code"":""I25.1"",""display"":""Atherosclerotic heart disease"",""no"":""3"",""validcode"":""1"",""metadata"":{""code"":""200"",""message"":""Ok""}},{""code"":""I25.9"",""display"":""Chronic ischaemic heart disease, unspecified"",""no"":""4"",""validcode"":""1"",""metadata"":{""code"":""200"",""message"":""Ok""}}]}}"
